Mes-Año,Generico,Unidad,Precio promedio
01/01/2011,Arroz,KG,17.00933333
01/01/2011,Atún y sardina en lata,KG,55.87433333
01/01/2011,Carne de cerdo,KG,60.38666667
01/01/2011,Carne de res,KG,79.72605882
01/01/2011,Cebolla,KG,10.56
01/01/2011,Chile serrano,KG,18.82975
01/01/2011,Chocolate,KG,66.512
01/01/2011,Frijol,KG,18.01925
01/01/2011,Harinas de trigo,KG,25.357
01/01/2011,Huevo,KG,16.28454545
01/01/2011,Jitomate,KG,15.928
01/01/2011,Leche pasteurizada y fresca,LT,12.8974
01/01/2011,Maíz,KG,23.763
01/01/2011,Nopales,KG,17.8915
01/01/2011,Otros quesos,KG,110.51
01/01/2011,Pan blanco,PZA,1.338
01/01/2011,Pollo,KG,36.63266667
01/01/2011,Tortilla de maíz,KG,8.831
01/02/2011,Arroz,KG,17.25
01/02/2011,Atún y sardina en lata,KG,56.20166667
01/02/2011,Carne de cerdo,KG,60.509
01/02/2011,Carne de res,KG,79.38811765
01/02/2011,Cebolla,KG,10.1604
01/02/2011,Chile serrano,KG,16.823
01/02/2011,Chocolate,KG,68.5835
01/02/2011,Frijol,KG,18.059
01/02/2011,Harinas de trigo,KG,24.582
01/02/2011,Huevo,KG,16.89818182
01/02/2011,Jitomate,KG,18.49128571
01/02/2011,Leche pasteurizada y fresca,LT,12.957
01/02/2011,Maíz,KG,23.172
01/02/2011,Nopales,KG,14.788
01/02/2011,Otros quesos,KG,110.619
01/02/2011,Pan blanco,PZA,1.34
01/02/2011,Pollo,KG,36.55
01/02/2011,Tortilla de maíz,KG,9.2021
01/03/2011,Arroz,KG,17.57733333
01/03/2011,Atún y sardina en lata,KG,56.78333333
01/03/2011,Carne de cerdo,KG,60.21333333
01/03/2011,Carne de res,KG,79.59994118
01/03/2011,Cebolla,KG,8.0398
01/03/2011,Chile serrano,KG,16.81675
01/03/2011,Chocolate,KG,68.7105
01/03/2011,Frijol,KG,19.1925
01/03/2011,Harinas de trigo,KG,25.29
01/03/2011,Huevo,KG,17.04545455
01/03/2011,Jitomate,KG,16.90385714
01/03/2011,Leche pasteurizada y fresca,LT,13.0558
01/03/2011,Maíz,KG,23.102
01/03/2011,Nopales,KG,12.117
01/03/2011,Otros quesos,KG,112.334
01/03/2011,Pan blanco,PZA,1.337666667
01/03/2011,Pollo,KG,36.16866667
01/03/2011,Tortilla de maíz,KG,9.8731
01/04/2011,Arroz,KG,17.37933333
01/04/2011,Atún y sardina en lata,KG,57.598
01/04/2011,Carne de cerdo,KG,59.29155556
01/04/2011,Carne de res,KG,80.46229412
01/04/2011,Cebolla,KG,6.6314
01/04/2011,Chile serrano,KG,17.58775
01/04/2011,Chocolate,KG,71.301
01/04/2011,Frijol,KG,19.19325
01/04/2011,Harinas de trigo,KG,25.923
01/04/2011,Huevo,KG,16.19363636
01/04/2011,Jitomate,KG,27.63242857
01/04/2011,Leche pasteurizada y fresca,LT,13.0834
01/04/2011,Maíz,KG,22.854
01/04/2011,Nopales,KG,10.2565
01/04/2011,Otros quesos,KG,111.252
01/04/2011,Pan blanco,PZA,1.342
01/04/2011,Pollo,KG,36.4915
01/04/2011,Tortilla de maíz,KG,9.9153
01/05/2011,Arroz,KG,17.33633333
01/05/2011,Atún y sardina en lata,KG,59.05666667
01/05/2011,Carne de cerdo,KG,60.09333333
01/05/2011,Carne de res,KG,80.80488235
01/05/2011,Cebolla,KG,6.5012
01/05/2011,Chile serrano,KG,16.4685
01/05/2011,Chocolate,KG,71.1575
01/05/2011,Frijol,KG,19.1915
01/05/2011,Harinas de trigo,KG,25.9
01/05/2011,Huevo,KG,16.55818182
01/05/2011,Jitomate,KG,17.44971429
01/05/2011,Leche pasteurizada y fresca,LT,13.1362
01/05/2011,Maíz,KG,22.6175
01/05/2011,Nopales,KG,8.941
01/05/2011,Otros quesos,KG,112.9735
01/05/2011,Pan blanco,PZA,1.338666667
01/05/2011,Pollo,KG,36.97616667
01/05/2011,Tortilla de maíz,KG,9.9521
01/06/2011,Arroz,KG,17.12333333
01/06/2011,Atún y sardina en lata,KG,58.963
01/06/2011,Carne de cerdo,KG,59.83955556
01/06/2011,Carne de res,KG,80.42823529
01/06/2011,Cebolla,KG,6.5704
01/06/2011,Chile serrano,KG,17.367
01/06/2011,Chocolate,KG,69.567
01/06/2011,Frijol,KG,19.2205
01/06/2011,Harinas de trigo,KG,26.1585
01/06/2011,Huevo,KG,16.43181818
01/06/2011,Jitomate,KG,12.76428571
01/06/2011,Leche pasteurizada y fresca,LT,13.1144
01/06/2011,Maíz,KG,22.9335
01/06/2011,Nopales,KG,9.455
01/06/2011,Otros quesos,KG,115.318
01/06/2011,Pan blanco,PZA,1.348
01/06/2011,Pollo,KG,36.70716667
01/06/2011,Tortilla de maíz,KG,10.0318
01/07/2011,Arroz,KG,16.696
01/07/2011,Atún y sardina en lata,KG,58.10366667
01/07/2011,Carne de cerdo,KG,60.39155556
01/07/2011,Carne de res,KG,80.11617647
01/07/2011,Cebolla,KG,8.6978
01/07/2011,Chile serrano,KG,20.4475
01/07/2011,Chocolate,KG,69.1655
01/07/2011,Frijol,KG,18.7585
01/07/2011,Harinas de trigo,KG,25.253
01/07/2011,Huevo,KG,17.36454545
01/07/2011,Jitomate,KG,13.91157143
01/07/2011,Leche pasteurizada y fresca,LT,13.1114
01/07/2011,Maíz,KG,24.2605
01/07/2011,Nopales,KG,11.702
01/07/2011,Otros quesos,KG,113.507
01/07/2011,Pan blanco,PZA,1.35
01/07/2011,Pollo,KG,38.45583333
01/07/2011,Tortilla de maíz,KG,10.0583
01/08/2011,Arroz,KG,16.71333333
01/08/2011,Atún y sardina en lata,KG,57.22866667
01/08/2011,Carne de cerdo,KG,60.93477778
01/08/2011,Carne de res,KG,80.44576471
01/08/2011,Cebolla,KG,8.5284
01/08/2011,Chile serrano,KG,19.25975
01/08/2011,Chocolate,KG,67.744
01/08/2011,Frijol,KG,19.0595
01/08/2011,Harinas de trigo,KG,25.5155
01/08/2011,Huevo,KG,19.03454545
01/08/2011,Jitomate,KG,13.51542857
01/08/2011,Leche pasteurizada y fresca,LT,13.158
01/08/2011,Maíz,KG,24.893
01/08/2011,Nopales,KG,12.5755
01/08/2011,Otros quesos,KG,113.3295
01/08/2011,Pan blanco,PZA,1.35
01/08/2011,Pollo,KG,38.0095
01/08/2011,Tortilla de maíz,KG,10.0705
01/09/2011,Arroz,KG,17.09866667
01/09/2011,Atún y sardina en lata,KG,57.66066667
01/09/2011,Carne de cerdo,KG,61.16388889
01/09/2011,Carne de res,KG,81.73888235
01/09/2011,Cebolla,KG,9.9348
01/09/2011,Chile serrano,KG,18.931
01/09/2011,Chocolate,KG,69.4675
01/09/2011,Frijol,KG,20.13825
01/09/2011,Harinas de trigo,KG,25.212
01/09/2011,Huevo,KG,19.44363636
01/09/2011,Jitomate,KG,13.27842857
01/09/2011,Leche pasteurizada y fresca,LT,13.1988
01/09/2011,Maíz,KG,24.1785
01/09/2011,Nopales,KG,11.429
01/09/2011,Otros quesos,KG,112.9635
01/09/2011,Pan blanco,PZA,1.35
01/09/2011,Pollo,KG,38.015
01/09/2011,Tortilla de maíz,KG,10.1813
01/10/2011,Arroz,KG,17.11766667
01/10/2011,Atún y sardina en lata,KG,57.08033333
01/10/2011,Carne de cerdo,KG,61.91322222
01/10/2011,Carne de res,KG,84.87917647
01/10/2011,Cebolla,KG,10.7626
01/10/2011,Chile serrano,KG,18.513
01/10/2011,Chocolate,KG,72.1375
01/10/2011,Frijol,KG,20.577
01/10/2011,Harinas de trigo,KG,24.654
01/10/2011,Huevo,KG,19.47727273
01/10/2011,Jitomate,KG,12.668
01/10/2011,Leche pasteurizada y fresca,LT,13.208
01/10/2011,Maíz,KG,23.1495
01/10/2011,Nopales,KG,11.444
01/10/2011,Otros quesos,KG,118.139
01/10/2011,Pan blanco,PZA,1.348333333
01/10/2011,Pollo,KG,37.62416667
01/10/2011,Tortilla de maíz,KG,10.3633
01/11/2011,Arroz,KG,17.92866667
01/11/2011,Atún y sardina en lata,KG,56.67433333
01/11/2011,Carne de cerdo,KG,62.32977778
01/11/2011,Carne de res,KG,87.70429412
01/11/2011,Cebolla,KG,12.9258
01/11/2011,Chile serrano,KG,18.4665
01/11/2011,Chocolate,KG,71.5665
01/11/2011,Frijol,KG,21.369
01/11/2011,Harinas de trigo,KG,23.8705
01/11/2011,Huevo,KG,19.54545455
01/11/2011,Jitomate,KG,11.85885714
01/11/2011,Leche pasteurizada y fresca,LT,13.2396
01/11/2011,Maíz,KG,23.994
01/11/2011,Nopales,KG,12.863
01/11/2011,Otros quesos,KG,117.472
01/11/2011,Pan blanco,PZA,1.346666667
01/11/2011,Pollo,KG,37.25083333
01/11/2011,Tortilla de maíz,KG,10.4586
01/12/2011,Arroz,KG,18.54933333
01/12/2011,Atún y sardina en lata,KG,56.86766667
01/12/2011,Carne de cerdo,KG,64.27055556
01/12/2011,Carne de res,KG,90.04658824
01/12/2011,Cebolla,KG,11.6344
01/12/2011,Chile serrano,KG,19.7385
01/12/2011,Chocolate,KG,72.139
01/12/2011,Frijol,KG,23.42125
01/12/2011,Harinas de trigo,KG,25.311
01/12/2011,Huevo,KG,21.36363636
01/12/2011,Jitomate,KG,13.92257143
01/12/2011,Leche pasteurizada y fresca,LT,13.3064
01/12/2011,Maíz,KG,24.5815
01/12/2011,Nopales,KG,15.453
01/12/2011,Otros quesos,KG,115.37
01/12/2011,Pan blanco,PZA,1.358
01/12/2011,Pollo,KG,38.457
01/12/2011,Tortilla de maíz,KG,10.6508
01/01/2012,Arroz,KG,18.83466667
01/01/2012,Atún y sardina en lata,KG,57.64433333
01/01/2012,Carne de cerdo,KG,67.27955556
01/01/2012,Carne de res,KG,91.24735294
01/01/2012,Cebolla,KG,10.9684
01/01/2012,Chile serrano,KG,22.623
01/01/2012,Chocolate,KG,73.7105
01/01/2012,Frijol,KG,25.29
01/01/2012,Harinas de trigo,KG,26.905
01/01/2012,Huevo,KG,21.71636364
01/01/2012,Jitomate,KG,14.27542857
01/01/2012,Leche pasteurizada y fresca,LT,13.3624
01/01/2012,Maíz,KG,26.911
01/01/2012,Nopales,KG,16.428
01/01/2012,Otros quesos,KG,117.63
01/01/2012,Pan blanco,PZA,1.379666667
01/01/2012,Pollo,KG,40.58716667
01/01/2012,Tortilla de maíz,KG,10.8888
01/02/2012,Arroz,KG,18.7
01/02/2012,Atún y sardina en lata,KG,59.137
01/02/2012,Carne de cerdo,KG,66.66255556
01/02/2012,Carne de res,KG,92.35247059
01/02/2012,Cebolla,KG,9.7032
01/02/2012,Chile serrano,KG,24.1065
01/02/2012,Chocolate,KG,75.882
01/02/2012,Frijol,KG,26.7655
01/02/2012,Harinas de trigo,KG,23.4965
01/02/2012,Huevo,KG,21.11363636
01/02/2012,Jitomate,KG,9.595
01/02/2012,Leche pasteurizada y fresca,LT,13.4134
01/02/2012,Maíz,KG,26.7695
01/02/2012,Nopales,KG,13.989
01/02/2012,Otros quesos,KG,116.486
01/02/2012,Pan blanco,PZA,1.393333333
01/02/2012,Pollo,KG,41.63966667
01/02/2012,Tortilla de maíz,KG,11.0445
01/03/2012,Arroz,KG,18.67366667
01/03/2012,Atún y sardina en lata,KG,57.66766667
01/03/2012,Carne de cerdo,KG,66.18555556
01/03/2012,Carne de res,KG,93.26082353
01/03/2012,Cebolla,KG,9.7908
01/03/2012,Chile serrano,KG,19.3495
01/03/2012,Chocolate,KG,75.8625
01/03/2012,Frijol,KG,27.009
01/03/2012,Harinas de trigo,KG,23.1645
01/03/2012,Huevo,KG,20.70454545
01/03/2012,Jitomate,KG,11.29385714
01/03/2012,Leche pasteurizada y fresca,LT,13.4228
01/03/2012,Maíz,KG,26.108
01/03/2012,Nopales,KG,11.5415
01/03/2012,Otros quesos,KG,116.158
01/03/2012,Pan blanco,PZA,1.396666667
01/03/2012,Pollo,KG,40.42383333
01/03/2012,Tortilla de maíz,KG,11.0495
01/04/2012,Arroz,KG,18.78966667
01/04/2012,Atún y sardina en lata,KG,59.11233333
01/04/2012,Carne de cerdo,KG,65.54788889
01/04/2012,Carne de res,KG,93.76282353
01/04/2012,Cebolla,KG,9.9398
01/04/2012,Chile serrano,KG,19.16375
01/04/2012,Chocolate,KG,76.2855
01/04/2012,Frijol,KG,27.8675
01/04/2012,Harinas de trigo,KG,22.8485
01/04/2012,Huevo,KG,19.63636364
01/04/2012,Jitomate,KG,10.31428571
01/04/2012,Leche pasteurizada y fresca,LT,13.583
01/04/2012,Maíz,KG,26.621
01/04/2012,Nopales,KG,10.234
01/04/2012,Otros quesos,KG,113.877
01/04/2012,Pan blanco,PZA,1.396666667
01/04/2012,Pollo,KG,39.68716667
01/04/2012,Tortilla de maíz,KG,11.0907
01/05/2012,Arroz,KG,18.575
01/05/2012,Atún y sardina en lata,KG,62.72633333
01/05/2012,Carne de cerdo,KG,64.32911111
01/05/2012,Carne de res,KG,94.15323529
01/05/2012,Cebolla,KG,9.8076
01/05/2012,Chile serrano,KG,25.629
01/05/2012,Chocolate,KG,79.4455
01/05/2012,Frijol,KG,29.445
01/05/2012,Harinas de trigo,KG,23.3065
01/05/2012,Huevo,KG,18.45454545
01/05/2012,Jitomate,KG,11.00928571
01/05/2012,Leche pasteurizada y fresca,LT,13.5958
01/05/2012,Maíz,KG,26.7175
01/05/2012,Nopales,KG,8.882105263
01/05/2012,Otros quesos,KG,113.5365
01/05/2012,Pan blanco,PZA,1.396666667
01/05/2012,Pollo,KG,40.19016667
01/05/2012,Tortilla de maíz,KG,11.1285
01/06/2012,Arroz,KG,18.803
01/06/2012,Atún y sardina en lata,KG,63.07066667
01/06/2012,Carne de cerdo,KG,64.42911111
01/06/2012,Carne de res,KG,94.46576471
01/06/2012,Cebolla,KG,8.9022
01/06/2012,Chile serrano,KG,22.7205
01/06/2012,Chocolate,KG,81.145
01/06/2012,Frijol,KG,29.9455
01/06/2012,Harinas de trigo,KG,23.3595
01/06/2012,Huevo,KG,18.19363636
01/06/2012,Jitomate,KG,16.12885714
01/06/2012,Leche pasteurizada y fresca,LT,13.6186
01/06/2012,Maíz,KG,27.243
01/06/2012,Nopales,KG,10.30421053
01/06/2012,Otros quesos,KG,111.5875
01/06/2012,Pan blanco,PZA,1.396666667
01/06/2012,Pollo,KG,39.45433333
01/06/2012,Tortilla de maíz,KG,11.1577
01/07/2012,Arroz,KG,19.227
01/07/2012,Atún y sardina en lata,KG,63.87566667
01/07/2012,Carne de cerdo,KG,65.23755556
01/07/2012,Carne de res,KG,95.16411765
01/07/2012,Cebolla,KG,9.646
01/07/2012,Chile serrano,KG,23.148
01/07/2012,Chocolate,KG,81.208
01/07/2012,Frijol,KG,30.11175
01/07/2012,Harinas de trigo,KG,23.901
01/07/2012,Huevo,KG,22.35272727
01/07/2012,Jitomate,KG,16.49214286
01/07/2012,Leche pasteurizada y fresca,LT,13.6692
01/07/2012,Maíz,KG,28.504
01/07/2012,Nopales,KG,11.47684211
01/07/2012,Otros quesos,KG,112.448
01/07/2012,Pan blanco,PZA,1.398333333
01/07/2012,Pollo,KG,40.92783333
01/07/2012,Tortilla de maíz,KG,11.1865
01/08/2012,Arroz,KG,19.31433333
01/08/2012,Atún y sardina en lata,KG,64.26
01/08/2012,Carne de cerdo,KG,65.36711111
01/08/2012,Carne de res,KG,95.97935294
01/08/2012,Cebolla,KG,10.1456
01/08/2012,Chile serrano,KG,23.694
01/08/2012,Chocolate,KG,81.0365
01/08/2012,Frijol,KG,30.19325
01/08/2012,Harinas de trigo,KG,23.59
01/08/2012,Huevo,KG,28.81818182
01/08/2012,Jitomate,KG,14.24728571
01/08/2012,Leche pasteurizada y fresca,LT,13.6984
01/08/2012,Maíz,KG,28.384
01/08/2012,Nopales,KG,12.23105263
01/08/2012,Otros quesos,KG,114.7725
01/08/2012,Pan blanco,PZA,1.446666667
01/08/2012,Pollo,KG,40.763
01/08/2012,Tortilla de maíz,KG,11.219
01/09/2012,Arroz,KG,19.59233333
01/09/2012,Atún y sardina en lata,KG,67.81966667
01/09/2012,Carne de cerdo,KG,66.556
01/09/2012,Carne de res,KG,97.65317647
01/09/2012,Cebolla,KG,12.0242
01/09/2012,Chile serrano,KG,26.92025
01/09/2012,Chocolate,KG,79.6095
01/09/2012,Frijol,KG,30.54925
01/09/2012,Harinas de trigo,KG,23.416
01/09/2012,Huevo,KG,32.18181818
01/09/2012,Jitomate,KG,16.84957143
01/09/2012,Leche pasteurizada y fresca,LT,13.6966
01/09/2012,Maíz,KG,29.2655
01/09/2012,Nopales,KG,12.38684211
01/09/2012,Otros quesos,KG,112.08
01/09/2012,Pan blanco,PZA,1.478333333
01/09/2012,Pollo,KG,42.5845
01/09/2012,Tortilla de maíz,KG,11.2365
01/10/2012,Arroz,KG,19.83233333
01/10/2012,Atún y sardina en lata,KG,69.35933333
01/10/2012,Carne de cerdo,KG,66.68222222
01/10/2012,Carne de res,KG,98.93870588
01/10/2012,Cebolla,KG,11.9838
01/10/2012,Chile serrano,KG,26.87425
01/10/2012,Chocolate,KG,79.1325
01/10/2012,Frijol,KG,30.38275
01/10/2012,Harinas de trigo,KG,23.4995
01/10/2012,Huevo,KG,28.93181818
01/10/2012,Jitomate,KG,17.26614286
01/10/2012,Leche pasteurizada y fresca,LT,13.8846
01/10/2012,Maíz,KG,28.829
01/10/2012,Nopales,KG,12.96157895
01/10/2012,Otros quesos,KG,116.4455
01/10/2012,Pan blanco,PZA,1.479333333
01/10/2012,Pollo,KG,43.30083333
01/10/2012,Tortilla de maíz,KG,11.1955
01/11/2012,Arroz,KG,19.68233333
01/11/2012,Atún y sardina en lata,KG,73.22466667
01/11/2012,Carne de cerdo,KG,66.41811111
01/11/2012,Carne de res,KG,100.48
01/11/2012,Cebolla,KG,13.4626
01/11/2012,Chile serrano,KG,33.30575
01/11/2012,Chocolate,KG,76.8315
01/11/2012,Frijol,KG,30.145
01/11/2012,Harinas de trigo,KG,23.166
01/11/2012,Huevo,KG,28.38636364
01/11/2012,Jitomate,KG,14.582
01/11/2012,Leche pasteurizada y fresca,LT,14.167
01/11/2012,Maíz,KG,28.3485
01/11/2012,Nopales,KG,13.19263158
01/11/2012,Otros quesos,KG,119.994
01/11/2012,Pan blanco,PZA,1.485
01/11/2012,Pollo,KG,42.70366667
01/11/2012,Tortilla de maíz,KG,11.196
01/12/2012,Arroz,KG,19.90633333
01/12/2012,Atún y sardina en lata,KG,74.54866667
01/12/2012,Carne de cerdo,KG,67.32366667
01/12/2012,Carne de res,KG,101.3263529
01/12/2012,Cebolla,KG,13.0202
01/12/2012,Chile serrano,KG,25.47325
01/12/2012,Chocolate,KG,76.7085
01/12/2012,Frijol,KG,30.465
01/12/2012,Harinas de trigo,KG,23.9535
01/12/2012,Huevo,KG,29.08
01/12/2012,Jitomate,KG,16.59628571
01/12/2012,Leche pasteurizada y fresca,LT,14.2752
01/12/2012,Maíz,KG,28.0915
01/12/2012,Nopales,KG,14.37842105
01/12/2012,Otros quesos,KG,121.3335
01/12/2012,Pan blanco,PZA,1.49
01/12/2012,Pollo,KG,43.0615
01/12/2012,Tortilla de maíz,KG,11.218
01/01/2013,Arroz,KG,19.61
01/01/2013,Atún y sardina en lata,KG,75.67966667
01/01/2013,Carne de cerdo,KG,67.94444444
01/01/2013,Carne de res,KG,101.5474706
01/01/2013,Cebolla,KG,13.8706
01/01/2013,Chile serrano,KG,19.50525
01/01/2013,Chocolate,KG,76.0735
01/01/2013,Frijol,KG,30.7035
01/01/2013,Harinas de trigo,KG,24.8125
01/01/2013,Huevo,KG,28.87545455
01/01/2013,Jitomate,KG,14.565
01/01/2013,Leche pasteurizada y fresca,LT,14.3334
01/01/2013,Maíz,KG,27.5545
01/01/2013,Nopales,KG,15.02736842
01/01/2013,Otros quesos,KG,115.926
01/01/2013,Pan blanco,PZA,1.487666667
01/01/2013,Pollo,KG,43.79383333
01/01/2013,Tortilla de maíz,KG,11.2811
01/02/2013,Arroz,KG,19.48833333
01/02/2013,Atún y sardina en lata,KG,76.244
01/02/2013,Carne de cerdo,KG,66.77455556
01/02/2013,Carne de res,KG,101.5901765
01/02/2013,Cebolla,KG,16.5702
01/02/2013,Chile serrano,KG,18.96625
01/02/2013,Chocolate,KG,76.798
01/02/2013,Frijol,KG,29.86125
01/02/2013,Harinas de trigo,KG,24.7675
01/02/2013,Huevo,KG,26.89818182
01/02/2013,Jitomate,KG,12.58714286
01/02/2013,Leche pasteurizada y fresca,LT,14.34
01/02/2013,Maíz,KG,28.055
01/02/2013,Nopales,KG,14.25473684
01/02/2013,Otros quesos,KG,116.6945
01/02/2013,Pan blanco,PZA,1.48
01/02/2013,Pollo,KG,43.93366667
01/02/2013,Tortilla de maíz,KG,11.305
01/03/2013,Arroz,KG,19.652
01/03/2013,Atún y sardina en lata,KG,75.98166667
01/03/2013,Carne de cerdo,KG,66.194
01/03/2013,Carne de res,KG,101.8211176
01/03/2013,Cebolla,KG,17.0106
01/03/2013,Chile serrano,KG,20.1995
01/03/2013,Chocolate,KG,78.1095
01/03/2013,Frijol,KG,29.612
01/03/2013,Harinas de trigo,KG,24.7025
01/03/2013,Huevo,KG,28.52272727
01/03/2013,Jitomate,KG,15.12642857
01/03/2013,Leche pasteurizada y fresca,LT,14.3032
01/03/2013,Maíz,KG,28.273
01/03/2013,Nopales,KG,14.53
01/03/2013,Otros quesos,KG,123.4905
01/03/2013,Pan blanco,PZA,1.48
01/03/2013,Pollo,KG,44.5965
01/03/2013,Tortilla de maíz,KG,11.3047
01/04/2013,Arroz,KG,19.644
01/04/2013,Atún y sardina en lata,KG,77.286
01/04/2013,Carne de cerdo,KG,65.39566667
01/04/2013,Carne de res,KG,102.1853529
01/04/2013,Cebolla,KG,14.3496
01/04/2013,Chile serrano,KG,26.52075
01/04/2013,Chocolate,KG,79.9125
01/04/2013,Frijol,KG,29.227
01/04/2013,Harinas de trigo,KG,24.5435
01/04/2013,Huevo,KG,29.93181818
01/04/2013,Jitomate,KG,14.06014286
01/04/2013,Leche pasteurizada y fresca,LT,14.3032
01/04/2013,Maíz,KG,28.37
01/04/2013,Nopales,KG,14.18
01/04/2013,Otros quesos,KG,122.6115
01/04/2013,Pan blanco,PZA,1.481
01/04/2013,Pollo,KG,45.86583333
01/04/2013,Tortilla de maíz,KG,11.2791
01/05/2013,Arroz,KG,19.64266667
01/05/2013,Atún y sardina en lata,KG,75.49866667
01/05/2013,Carne de cerdo,KG,66.36277778
01/05/2013,Carne de res,KG,102.7846471
01/05/2013,Cebolla,KG,10.1546
01/05/2013,Chile serrano,KG,30.37375
01/05/2013,Chocolate,KG,79.9025
01/05/2013,Frijol,KG,29.0795
01/05/2013,Harinas de trigo,KG,25.2375
01/05/2013,Huevo,KG,31.82636364
01/05/2013,Jitomate,KG,15.79485714
01/05/2013,Leche pasteurizada y fresca,LT,14.3202
01/05/2013,Maíz,KG,28.4945
01/05/2013,Nopales,KG,11.83421053
01/05/2013,Otros quesos,KG,122.986
01/05/2013,Pan blanco,PZA,1.476
01/05/2013,Pollo,KG,47.902
01/05/2013,Tortilla de maíz,KG,11.2408
01/06/2013,Arroz,KG,19.623
01/06/2013,Atún y sardina en lata,KG,73.03566667
01/06/2013,Carne de cerdo,KG,66.14077778
01/06/2013,Carne de res,KG,102.3908824
01/06/2013,Cebolla,KG,8.7872
01/06/2013,Chile serrano,KG,20.351
01/06/2013,Chocolate,KG,80.509
01/06/2013,Frijol,KG,28.3895
01/06/2013,Harinas de trigo,KG,25.315
01/06/2013,Huevo,KG,29.22727273
01/06/2013,Jitomate,KG,15.30714286
01/06/2013,Leche pasteurizada y fresca,LT,14.2344
01/06/2013,Maíz,KG,28.606
01/06/2013,Nopales,KG,12.60894737
01/06/2013,Otros quesos,KG,117.376
01/06/2013,Pan blanco,PZA,1.461666667
01/06/2013,Pollo,KG,48.27316667
01/06/2013,Tortilla de maíz,KG,11.1822
01/07/2013,Arroz,KG,19.755
01/07/2013,Atún y sardina en lata,KG,73.296
01/07/2013,Carne de cerdo,KG,67.20855556
01/07/2013,Carne de res,KG,102.774
01/07/2013,Cebolla,KG,9.9188
01/07/2013,Chile serrano,KG,17.4825
01/07/2013,Chocolate,KG,79.893
01/07/2013,Frijol,KG,28.208
01/07/2013,Harinas de trigo,KG,25.0445
01/07/2013,Huevo,KG,27.56181818
01/07/2013,Jitomate,KG,13.53
01/07/2013,Leche pasteurizada y fresca,LT,14.247
01/07/2013,Maíz,KG,28.041
01/07/2013,Nopales,KG,12.23210526
01/07/2013,Otros quesos,KG,119.113
01/07/2013,Pan blanco,PZA,1.463666667
01/07/2013,Pollo,KG,45.94433333
01/07/2013,Tortilla de maíz,KG,11.2203
01/08/2013,Arroz,KG,20.43033333
01/08/2013,Atún y sardina en lata,KG,73.203
01/08/2013,Carne de cerdo,KG,66.86288889
01/08/2013,Carne de res,KG,102.1238824
01/08/2013,Cebolla,KG,11.0784
01/08/2013,Chile serrano,KG,17.95675
01/08/2013,Chocolate,KG,79.382
01/08/2013,Frijol,KG,28.203
01/08/2013,Harinas de trigo,KG,24.869
01/08/2013,Huevo,KG,28.05727273
01/08/2013,Jitomate,KG,15.80271429
01/08/2013,Leche pasteurizada y fresca,LT,14.2446
01/08/2013,Maíz,KG,27.7905
01/08/2013,Nopales,KG,12.44894737
01/08/2013,Otros quesos,KG,120.136
01/08/2013,Pan blanco,PZA,1.468333333
01/08/2013,Pollo,KG,44.4415
01/08/2013,Tortilla de maíz,KG,11.2024
01/09/2013,Arroz,KG,20.51766667
01/09/2013,Atún y sardina en lata,KG,75.22666667
01/09/2013,Carne de cerdo,KG,67.24155556
01/09/2013,Carne de res,KG,102.4847059
01/09/2013,Cebolla,KG,13.2276
01/09/2013,Chile serrano,KG,21.09
01/09/2013,Chocolate,KG,78.4615
01/09/2013,Frijol,KG,27.50475
01/09/2013,Harinas de trigo,KG,25.296
01/09/2013,Huevo,KG,27.67090909
01/09/2013,Jitomate,KG,16.80414286
01/09/2013,Leche pasteurizada y fresca,LT,14.2916
01/09/2013,Maíz,KG,27.7605
01/09/2013,Nopales,KG,13.06368421
01/09/2013,Otros quesos,KG,121.617
01/09/2013,Pan blanco,PZA,1.493333333
01/09/2013,Pollo,KG,44.32616667
01/09/2013,Tortilla de maíz,KG,11.232
01/10/2013,Arroz,KG,20.297
01/10/2013,Atún y sardina en lata,KG,75.274
01/10/2013,Carne de cerdo,KG,66.916
01/10/2013,Carne de res,KG,102.3572941
01/10/2013,Cebolla,KG,16.8636
01/10/2013,Chile serrano,KG,23.20125
01/10/2013,Chocolate,KG,80.104
01/10/2013,Frijol,KG,27.2275
01/10/2013,Harinas de trigo,KG,25.1485
01/10/2013,Huevo,KG,27.10272727
01/10/2013,Jitomate,KG,16.61142857
01/10/2013,Leche pasteurizada y fresca,LT,14.515
01/10/2013,Maíz,KG,27.45
01/10/2013,Nopales,KG,15.38315789
01/10/2013,Otros quesos,KG,120.6315
01/10/2013,Pan blanco,PZA,1.485
01/10/2013,Pollo,KG,42.809
01/10/2013,Tortilla de maíz,KG,11.2391
01/11/2013,Arroz,KG,20.32466667
01/11/2013,Atún y sardina en lata,KG,73.43033333
01/11/2013,Carne de cerdo,KG,66.78188889
01/11/2013,Carne de res,KG,103.2731176
01/11/2013,Cebolla,KG,19.9718
01/11/2013,Chile serrano,KG,36.41875
01/11/2013,Chocolate,KG,79.5005
01/11/2013,Frijol,KG,27.104
01/11/2013,Harinas de trigo,KG,24.839
01/11/2013,Huevo,KG,27.86363636
01/11/2013,Jitomate,KG,21.09085714
01/11/2013,Leche pasteurizada y fresca,LT,14.6348
01/11/2013,Maíz,KG,27.828
01/11/2013,Nopales,KG,21.55631579
01/11/2013,Otros quesos,KG,122.036
01/11/2013,Pan blanco,PZA,1.476666667
01/11/2013,Pollo,KG,41.16016667
01/11/2013,Tortilla de maíz,KG,11.2432
01/12/2013,Arroz,KG,20.16866667
01/12/2013,Atún y sardina en lata,KG,72.553
01/12/2013,Carne de cerdo,KG,67.87566667
01/12/2013,Carne de res,KG,103.9375882
01/12/2013,Cebolla,KG,17.779
01/12/2013,Chile serrano,KG,34.893
01/12/2013,Chocolate,KG,80.6905
01/12/2013,Frijol,KG,25.96025
01/12/2013,Harinas de trigo,KG,25.335
01/12/2013,Huevo,KG,27.59090909
01/12/2013,Jitomate,KG,26.99742857
01/12/2013,Leche pasteurizada y fresca,LT,14.7282
01/12/2013,Maíz,KG,27.757
01/12/2013,Nopales,KG,21.71842105
01/12/2013,Otros quesos,KG,122.169
01/12/2013,Pan blanco,PZA,1.476666667
01/12/2013,Pollo,KG,42.76716667
01/12/2013,Tortilla de maíz,KG,11.2362
01/01/2014,Arroz,KG,20.169
01/01/2014,Atún y sardina en lata,KG,75.22833333
01/01/2014,Carne de cerdo,KG,68.45988889
01/01/2014,Carne de res,KG,104.8735294
01/01/2014,Cebolla,KG,19.8694
01/01/2014,Chile serrano,KG,32.6135
01/01/2014,Chocolate,KG,82.74
01/01/2014,Frijol,KG,25.46575
01/01/2014,Harinas de trigo,KG,26.7775
01/01/2014,Huevo,KG,27.40909091
01/01/2014,Jitomate,KG,16.931
01/01/2014,Leche pasteurizada y fresca,LT,14.8022
01/01/2014,Maíz,KG,27.429
01/01/2014,Nopales,KG,21.39473684
01/01/2014,Otros quesos,KG,122.427
01/01/2014,Pan blanco,PZA,1.476666667
01/01/2014,Pollo,KG,45.0805
01/01/2014,Tortilla de maíz,KG,11.2043
01/02/2014,Arroz,KG,19.94266667
01/02/2014,Atún y sardina en lata,KG,74.323
01/02/2014,Carne de cerdo,KG,67.87111111
01/02/2014,Carne de res,KG,105.433
01/02/2014,Cebolla,KG,22.4856
01/02/2014,Chile serrano,KG,24.88825
01/02/2014,Chocolate,KG,81.3055
01/02/2014,Frijol,KG,23.8705
01/02/2014,Harinas de trigo,KG,26.392
01/02/2014,Huevo,KG,27.95454545
01/02/2014,Jitomate,KG,11.84371429
01/02/2014,Leche pasteurizada y fresca,LT,14.7618
01/02/2014,Maíz,KG,27.4395
01/02/2014,Nopales,KG,20.47052632
01/02/2014,Otros quesos,KG,124.4695
01/02/2014,Pan blanco,PZA,1.47
01/02/2014,Pollo,KG,45.02116667
01/02/2014,Tortilla de maíz,KG,11.204
01/03/2014,Arroz,KG,20.12133333
01/03/2014,Atún y sardina en lata,KG,71.65866667
01/03/2014,Carne de cerdo,KG,69.35411111
01/03/2014,Carne de res,KG,108.0702353
01/03/2014,Cebolla,KG,21.365
01/03/2014,Chile serrano,KG,24.90825
01/03/2014,Chocolate,KG,80.426
01/03/2014,Frijol,KG,22.107
01/03/2014,Harinas de trigo,KG,26.0205
01/03/2014,Huevo,KG,28.54545455
01/03/2014,Jitomate,KG,10.42128571
01/03/2014,Leche pasteurizada y fresca,LT,14.7964
01/03/2014,Maíz,KG,27.8925
01/03/2014,Nopales,KG,15.30894737
01/03/2014,Otros quesos,KG,126.485
01/03/2014,Pan blanco,PZA,1.476666667
01/03/2014,Pollo,KG,44.657
01/03/2014,Tortilla de maíz,KG,11.1946
01/04/2014,Arroz,KG,20.06433333
01/04/2014,Atún y sardina en lata,KG,71.13633333
01/04/2014,Carne de cerdo,KG,71.04388889
01/04/2014,Carne de res,KG,110.1694706
01/04/2014,Cebolla,KG,12.679
01/04/2014,Chile serrano,KG,23.98125
01/04/2014,Chocolate,KG,80.881
01/04/2014,Frijol,KG,21.71875
01/04/2014,Harinas de trigo,KG,25.99
01/04/2014,Huevo,KG,28.43272727
01/04/2014,Jitomate,KG,13.58028571
01/04/2014,Leche pasteurizada y fresca,LT,14.8532
01/04/2014,Maíz,KG,28.556
01/04/2014,Nopales,KG,13.53684211
01/04/2014,Otros quesos,KG,129.566
01/04/2014,Pan blanco,PZA,1.487666667
01/04/2014,Pollo,KG,44.79666667
01/04/2014,Tortilla de maíz,KG,11.1797
01/05/2014,Arroz,KG,20.51433333
01/05/2014,Atún y sardina en lata,KG,71.37466667
01/05/2014,Carne de cerdo,KG,71.039
01/05/2014,Carne de res,KG,112.8127647
01/05/2014,Cebolla,KG,10.617
01/05/2014,Chile serrano,KG,24.5465
01/05/2014,Chocolate,KG,80.0075
01/05/2014,Frijol,KG,21.62625
01/05/2014,Harinas de trigo,KG,26
01/05/2014,Huevo,KG,28.90909091
01/05/2014,Jitomate,KG,11.64557143
01/05/2014,Leche pasteurizada y fresca,LT,14.7904
01/05/2014,Maíz,KG,28.477
01/05/2014,Nopales,KG,15.15210526
01/05/2014,Otros quesos,KG,131.3045
01/05/2014,Pan blanco,PZA,1.501
01/05/2014,Pollo,KG,49.26683333
01/05/2014,Tortilla de maíz,KG,11.2013
01/06/2014,Arroz,KG,20.58533333
01/06/2014,Atún y sardina en lata,KG,70.79433333
01/06/2014,Carne de cerdo,KG,72.97811111
01/06/2014,Carne de res,KG,114.9814118
01/06/2014,Cebolla,KG,10.443
01/06/2014,Chile serrano,KG,23.89725
01/06/2014,Chocolate,KG,81.6925
01/06/2014,Frijol,KG,21.8935
01/06/2014,Harinas de trigo,KG,26.4015
01/06/2014,Huevo,KG,28.66
01/06/2014,Jitomate,KG,12.71071429
01/06/2014,Leche pasteurizada y fresca,LT,14.671
01/06/2014,Maíz,KG,28.9735
01/06/2014,Nopales,KG,13.65473684
01/06/2014,Otros quesos,KG,131.324
01/06/2014,Pan blanco,PZA,1.503333333
01/06/2014,Pollo,KG,46.86916667
01/06/2014,Tortilla de maíz,KG,11.1828
01/07/2014,Arroz,KG,20.45833333
01/07/2014,Atún y sardina en lata,KG,72.413
01/07/2014,Carne de cerdo,KG,78.57133333
01/07/2014,Carne de res,KG,115.0641176
01/07/2014,Cebolla,KG,12.5948
01/07/2014,Chile serrano,KG,24.4125
01/07/2014,Chocolate,KG,80.573
01/07/2014,Frijol,KG,21.7145
01/07/2014,Harinas de trigo,KG,26.441
01/07/2014,Huevo,KG,26.62545455
01/07/2014,Jitomate,KG,14.45614286
01/07/2014,Leche pasteurizada y fresca,LT,14.7756
01/07/2014,Maíz,KG,29.1955
01/07/2014,Nopales,KG,14.96894737
01/07/2014,Otros quesos,KG,131.156
01/07/2014,Pan blanco,PZA,1.501
01/07/2014,Pollo,KG,45.37383333
01/07/2014,Tortilla de maíz,KG,11.1903
01/08/2014,Arroz,KG,20.845
01/08/2014,Atún y sardina en lata,KG,71.537
01/08/2014,Carne de cerdo,KG,82.94777778
01/08/2014,Carne de res,KG,117.4413529
01/08/2014,Cebolla,KG,12.9754
01/08/2014,Chile serrano,KG,26.7065
01/08/2014,Chocolate,KG,82.4985
01/08/2014,Frijol,KG,21.765
01/08/2014,Harinas de trigo,KG,25.873
01/08/2014,Huevo,KG,26.32333333
01/08/2014,Jitomate,KG,14.44614286
01/08/2014,Leche pasteurizada y fresca,LT,14.7476
01/08/2014,Maíz,KG,29.0755
01/08/2014,Nopales,KG,14.63
01/08/2014,Otros quesos,KG,126.4095
01/08/2014,Pan blanco,PZA,1.5
01/08/2014,Pollo,KG,46.68266667
01/08/2014,Tortilla de maíz,KG,11.1988
01/09/2014,Arroz,KG,18.01633333
01/09/2014,Atún y sardina en lata,KG,71.628
01/09/2014,Carne de cerdo,KG,82.34144444
01/09/2014,Carne de res,KG,121.8231176
01/09/2014,Cebolla,KG,15.1988
01/09/2014,Chile serrano,KG,29.661
01/09/2014,Chocolate,KG,80.1865
01/09/2014,Frijol,KG,21.8775
01/09/2014,Harinas de trigo,KG,25.709
01/09/2014,Huevo,KG,26.52083333
01/09/2014,Jitomate,KG,16.19557143
01/09/2014,Leche pasteurizada y fresca,LT,14.8294
01/09/2014,Maíz,KG,28.381
01/09/2014,Nopales,KG,12.95736842
01/09/2014,Otros quesos,KG,124.7445
01/09/2014,Pan blanco,PZA,1.5
01/09/2014,Pollo,KG,47.5655
01/09/2014,Tortilla de maíz,KG,11.1862
01/10/2014,Arroz,KG,17.85933333
01/10/2014,Atún y sardina en lata,KG,71.03366667
01/10/2014,Carne de cerdo,KG,81.27111111
01/10/2014,Carne de res,KG,123.7515882
01/10/2014,Cebolla,KG,20.1696
01/10/2014,Chile serrano,KG,28.6415
01/10/2014,Chocolate,KG,76.785
01/10/2014,Frijol,KG,21.38075
01/10/2014,Harinas de trigo,KG,25.5495
01/10/2014,Huevo,KG,26.29166667
01/10/2014,Jitomate,KG,16.61185714
01/10/2014,Leche pasteurizada y fresca,LT,14.809
01/10/2014,Maíz,KG,29.109
01/10/2014,Nopales,KG,13.87842105
01/10/2014,Otros quesos,KG,126.0175
01/10/2014,Pan blanco,PZA,1.5
01/10/2014,Pollo,KG,45.61083333
01/10/2014,Tortilla de maíz,KG,11.1828
01/11/2014,Arroz,KG,18.01166667
01/11/2014,Atún y sardina en lata,KG,70.99933333
01/11/2014,Carne de cerdo,KG,79.26366667
01/11/2014,Carne de res,KG,126.0165294
01/11/2014,Cebolla,KG,18.0886
01/11/2014,Chile serrano,KG,30.26975
01/11/2014,Chocolate,KG,76.229
01/11/2014,Frijol,KG,21.179
01/11/2014,Harinas de trigo,KG,26.729
01/11/2014,Huevo,KG,28.15538462
01/11/2014,Jitomate,KG,20.61571429
01/11/2014,Leche pasteurizada y fresca,LT,14.9844
01/11/2014,Maíz,KG,29.1275
01/11/2014,Nopales,KG,16.47157895
01/11/2014,Otros quesos,KG,127.4915
01/11/2014,Pan blanco,PZA,1.5
01/11/2014,Pollo,KG,45.60716667
01/11/2014,Tortilla de maíz,KG,11.1645
01/12/2014,Arroz,KG,18.22966667
01/12/2014,Atún y sardina en lata,KG,71.809
01/12/2014,Carne de cerdo,KG,79.49422222
01/12/2014,Carne de res,KG,127.184
01/12/2014,Cebolla,KG,14.493
01/12/2014,Chile serrano,KG,23.761
01/12/2014,Chocolate,KG,77.6875
01/12/2014,Frijol,KG,20.86625
01/12/2014,Harinas de trigo,KG,26.8485
01/12/2014,Huevo,KG,29.43076923
01/12/2014,Jitomate,KG,28.69642857
01/12/2014,Leche pasteurizada y fresca,LT,15.1238
01/12/2014,Maíz,KG,29.1955
01/12/2014,Nopales,KG,18.57833333
01/12/2014,Otros quesos,KG,127.801
01/12/2014,Pan blanco,PZA,1.5
01/12/2014,Pollo,KG,46.55083333
01/12/2014,Tortilla de maíz,KG,11.1593
01/01/2015,Arroz,KG,18.27566667
01/01/2015,Atún y sardina en lata,KG,71.95666667
01/01/2015,Carne de cerdo,KG,79.17644444
01/01/2015,Carne de res,KG,128.7908235
01/01/2015,Cebolla,KG,14.1758
01/01/2015,Chile serrano,KG,20.49875
01/01/2015,Chocolate,KG,78.5615
01/01/2015,Frijol,KG,21.49625
01/01/2015,Harinas de trigo,KG,26.562
01/01/2015,Huevo,KG,31.76230769
01/01/2015,Jitomate,KG,17.66214286
01/01/2015,Leche pasteurizada y fresca,LT,15.2456
01/01/2015,Maíz,KG,29.698
01/01/2015,Nopales,KG,20.08722222
01/01/2015,Otros quesos,KG,125.451
01/01/2015,Pan blanco,PZA,1.498333333
01/01/2015,Pollo,KG,47.75333333
01/01/2015,Tortilla de maíz,KG,11.1561
01/02/2015,Arroz,KG,18.389
01/02/2015,Atún y sardina en lata,KG,69.985
01/02/2015,Carne de cerdo,KG,78.53466667
01/02/2015,Carne de res,KG,129.9878235
01/02/2015,Cebolla,KG,13.3394
01/02/2015,Chile serrano,KG,19.11575
01/02/2015,Chocolate,KG,78.84
01/02/2015,Frijol,KG,21.5815
01/02/2015,Harinas de trigo,KG,27.2645
01/02/2015,Huevo,KG,32.83307692
01/02/2015,Jitomate,KG,12.621
01/02/2015,Leche pasteurizada y fresca,LT,15.2562
01/02/2015,Maíz,KG,29.5125
01/02/2015,Nopales,KG,18.15944444
01/02/2015,Otros quesos,KG,127.911
01/02/2015,Pan blanco,PZA,1.496666667
01/02/2015,Pollo,KG,47.633
01/02/2015,Tortilla de maíz,KG,11.154
01/03/2015,Arroz,KG,18.57933333
01/03/2015,Atún y sardina en lata,KG,69.028
01/03/2015,Carne de cerdo,KG,75.04122222
01/03/2015,Carne de res,KG,130.8766471
01/03/2015,Cebolla,KG,12.8432
01/03/2015,Chile serrano,KG,22.58075
01/03/2015,Chocolate,KG,79.9635
01/03/2015,Frijol,KG,21.94725
01/03/2015,Harinas de trigo,KG,26.982
01/03/2015,Huevo,KG,35.1325
01/03/2015,Jitomate,KG,19.05242857
01/03/2015,Leche pasteurizada y fresca,LT,15.2974
01/03/2015,Maíz,KG,29.3595
01/03/2015,Nopales,KG,15.58444444
01/03/2015,Otros quesos,KG,125.2355
01/03/2015,Pan blanco,PZA,1.501666667
01/03/2015,Pollo,KG,46.89166667
01/03/2015,Tortilla de maíz,KG,11.154
01/04/2015,Arroz,KG,18.5537931
01/04/2015,Atún y sardina en lata,KG,68.932
01/04/2015,Carne de cerdo,KG,73.10433333
01/04/2015,Carne de res,KG,131.8262353
01/04/2015,Cebolla,KG,11.8892
01/04/2015,Chile serrano,KG,25.7435
01/04/2015,Chocolate,KG,79.527
01/04/2015,Frijol,KG,22.45725
01/04/2015,Harinas de trigo,KG,26.8695
01/04/2015,Huevo,KG,33.85
01/04/2015,Jitomate,KG,18.51171429
01/04/2015,Leche pasteurizada y fresca,LT,15.2658
01/04/2015,Maíz,KG,31.1035
01/04/2015,Nopales,KG,13.77055556
01/04/2015,Otros quesos,KG,125.8065
01/04/2015,Pan blanco,PZA,1.503333333
01/04/2015,Pollo,KG,48.10566667
01/04/2015,Tortilla de maíz,KG,11.1623
01/05/2015,Arroz,KG,18.71172414
01/05/2015,Atún y sardina en lata,KG,69.97
01/05/2015,Carne de cerdo,KG,73.81622222
01/05/2015,Carne de res,KG,132.8681176
01/05/2015,Cebolla,KG,10.965
01/05/2015,Chile serrano,KG,32.95075
01/05/2015,Chocolate,KG,80.9835
01/05/2015,Frijol,KG,22.683
01/05/2015,Harinas de trigo,KG,27.199
01/05/2015,Huevo,KG,27.97666667
01/05/2015,Jitomate,KG,16.24757143
01/05/2015,Leche pasteurizada y fresca,LT,15.2264
01/05/2015,Maíz,KG,30.9895
01/05/2015,Nopales,KG,13.28555556
01/05/2015,Otros quesos,KG,123.6735
01/05/2015,Pan blanco,PZA,1.503333333
01/05/2015,Pollo,KG,47.6775
01/05/2015,Tortilla de maíz,KG,11.1721
01/06/2015,Arroz,KG,18.81448276
01/06/2015,Atún y sardina en lata,KG,69.61633333
01/06/2015,Carne de cerdo,KG,76.91011111
01/06/2015,Carne de res,KG,133.6709412
01/06/2015,Cebolla,KG,11.0662
01/06/2015,Chile serrano,KG,30.82575
01/06/2015,Chocolate,KG,80.399
01/06/2015,Frijol,KG,22.824
01/06/2015,Harinas de trigo,KG,26.6335
01/06/2015,Huevo,KG,25.53583333
01/06/2015,Jitomate,KG,16.535
01/06/2015,Leche pasteurizada y fresca,LT,15.0498
01/06/2015,Maíz,KG,30.684
01/06/2015,Nopales,KG,13.89388889
01/06/2015,Otros quesos,KG,123.553
01/06/2015,Pan blanco,PZA,1.503333333
01/06/2015,Pollo,KG,47.24916667
01/06/2015,Tortilla de maíz,KG,11.1767
01/07/2015,Arroz,KG,18.64655172
01/07/2015,Atún y sardina en lata,KG,70.543
01/07/2015,Carne de cerdo,KG,76.68722222
01/07/2015,Carne de res,KG,133.8337647
01/07/2015,Cebolla,KG,12.985
01/07/2015,Chile serrano,KG,29.18625
01/07/2015,Chocolate,KG,79.8145
01/07/2015,Frijol,KG,22.588
01/07/2015,Harinas de trigo,KG,26.803
01/07/2015,Huevo,KG,23.16083333
01/07/2015,Jitomate,KG,18.47157143
01/07/2015,Leche pasteurizada y fresca,LT,15.018
01/07/2015,Maíz,KG,31.5305
01/07/2015,Nopales,KG,15.15944444
01/07/2015,Otros quesos,KG,124.7205
01/07/2015,Pan blanco,PZA,1.503333333
01/07/2015,Pollo,KG,47.628
01/07/2015,Tortilla de maíz,KG,11.175
01/08/2015,Arroz,KG,18.64793103
01/08/2015,Atún y sardina en lata,KG,71.41633333
01/08/2015,Carne de cerdo,KG,75.75666667
01/08/2015,Carne de res,KG,135.5128824
01/08/2015,Cebolla,KG,14.0156
01/08/2015,Chile serrano,KG,28.66775
01/08/2015,Chocolate,KG,80.5275
01/08/2015,Frijol,KG,22.57175
01/08/2015,Harinas de trigo,KG,26.8255
01/08/2015,Huevo,KG,22.81916667
01/08/2015,Jitomate,KG,17.81857143
01/08/2015,Leche pasteurizada y fresca,LT,14.96
01/08/2015,Maíz,KG,31.4905
01/08/2015,Nopales,KG,15.60777778
01/08/2015,Otros quesos,KG,122.4245
01/08/2015,Pan blanco,PZA,1.503333333
01/08/2015,Pollo,KG,45.975
01/08/2015,Tortilla de maíz,KG,11.1844
01/09/2015,Arroz,KG,19.01758621
01/09/2015,Atún y sardina en lata,KG,73.57233333
01/09/2015,Carne de cerdo,KG,76.35644444
01/09/2015,Carne de res,KG,137.2352941
01/09/2015,Cebolla,KG,17.099
01/09/2015,Chile serrano,KG,30.983
01/09/2015,Chocolate,KG,81.868
01/09/2015,Frijol,KG,22.808
01/09/2015,Harinas de trigo,KG,26.6185
01/09/2015,Huevo,KG,22.64333333
01/09/2015,Jitomate,KG,18.358
01/09/2015,Leche pasteurizada y fresca,LT,15.0034
01/09/2015,Maíz,KG,30.7495
01/09/2015,Nopales,KG,14.53055556
01/09/2015,Otros quesos,KG,123.903
01/09/2015,Pan blanco,PZA,1.501
01/09/2015,Pollo,KG,45.52133333
01/09/2015,Tortilla de maíz,KG,11.1738
01/10/2015,Arroz,KG,19.21724138
01/10/2015,Atún y sardina en lata,KG,72.46533333
01/10/2015,Carne de cerdo,KG,75.98733333
01/10/2015,Carne de res,KG,137.9050588
01/10/2015,Cebolla,KG,20.5186
01/10/2015,Chile serrano,KG,32.22575
01/10/2015,Chocolate,KG,88.9245
01/10/2015,Frijol,KG,22.80575
01/10/2015,Harinas de trigo,KG,26.9145
01/10/2015,Huevo,KG,23.65666667
01/10/2015,Jitomate,KG,18.12428571
01/10/2015,Leche pasteurizada y fresca,LT,15.057
01/10/2015,Maíz,KG,30.6725
01/10/2015,Nopales,KG,15.12888889
01/10/2015,Otros quesos,KG,122.8935
01/10/2015,Pan blanco,PZA,1.503333333
01/10/2015,Pollo,KG,44.1855
01/10/2015,Tortilla de maíz,KG,11.1913
01/11/2015,Arroz,KG,19.19344828
01/11/2015,Atún y sardina en lata,KG,72.80766667
01/11/2015,Carne de cerdo,KG,76.15922222
01/11/2015,Carne de res,KG,138.5029412
01/11/2015,Cebolla,KG,19.5304
01/11/2015,Chile serrano,KG,32.42775
01/11/2015,Chocolate,KG,88.342
01/11/2015,Frijol,KG,23.0405
01/11/2015,Harinas de trigo,KG,27.191
01/11/2015,Huevo,KG,22.94583333
01/11/2015,Jitomate,KG,18.80714286
01/11/2015,Leche pasteurizada y fresca,LT,15.3312
01/11/2015,Maíz,KG,30.778
01/11/2015,Nopales,KG,17.465
01/11/2015,Otros quesos,KG,120.963
01/11/2015,Pan blanco,PZA,1.503333333
01/11/2015,Pollo,KG,44.65083333
01/11/2015,Tortilla de maíz,KG,11.185
01/12/2015,Arroz,KG,18.92733333
01/12/2015,Atún y sardina en lata,KG,72.873
01/12/2015,Carne de cerdo,KG,75.84144444
01/12/2015,Carne de res,KG,139.0515294
01/12/2015,Cebolla,KG,18.0878
01/12/2015,Chile serrano,KG,29.959
01/12/2015,Chocolate,KG,87.4605
01/12/2015,Frijol,KG,23.60475
01/12/2015,Harinas de trigo,KG,27.3375
01/12/2015,Huevo,KG,23.18583333
01/12/2015,Jitomate,KG,26.797
01/12/2015,Leche pasteurizada y fresca,LT,15.4648
01/12/2015,Maíz,KG,30.7405
01/12/2015,Nopales,KG,17.05888889
01/12/2015,Otros quesos,KG,130.7075
01/12/2015,Pan blanco,PZA,1.503333333
01/12/2015,Pollo,KG,44.68583333
01/12/2015,Tortilla de maíz,KG,11.1695
01/01/2016,Arroz,KG,18.97033333
01/01/2016,Atún y sardina en lata,KG,72.94233333
01/01/2016,Carne de cerdo,KG,76.10977778
01/01/2016,Carne de res,KG,139.7607059
01/01/2016,Cebolla,KG,24.551
01/01/2016,Chile serrano,KG,28.778
01/01/2016,Chocolate,KG,87.283
01/01/2016,Frijol,KG,23.93125
01/01/2016,Harinas de trigo,KG,27.5545
01/01/2016,Huevo,KG,22.6475
01/01/2016,Jitomate,KG,27.47942857
01/01/2016,Leche pasteurizada y fresca,LT,15.4912
01/01/2016,Maíz,KG,30.7155
01/01/2016,Nopales,KG,15.90111111
01/01/2016,Otros quesos,KG,131.703
01/01/2016,Pan blanco,PZA,1.493333333
01/01/2016,Pollo,KG,45.42233333
01/01/2016,Tortilla de maíz,KG,11.168
01/02/2016,Arroz,KG,19.26833333
01/02/2016,Atún y sardina en lata,KG,72.46733333
01/02/2016,Carne de cerdo,KG,75.66666667
01/02/2016,Carne de res,KG,139.1943529
01/02/2016,Cebolla,KG,27.4556
01/02/2016,Chile serrano,KG,41.6895
01/02/2016,Chocolate,KG,86.0055
01/02/2016,Frijol,KG,24.981
01/02/2016,Harinas de trigo,KG,27.4035
01/02/2016,Huevo,KG,26.20916667
01/02/2016,Jitomate,KG,22.66371429
01/02/2016,Leche pasteurizada y fresca,LT,15.5932
01/02/2016,Maíz,KG,31.049
01/02/2016,Nopales,KG,21.49888889
01/02/2016,Otros quesos,KG,133.9345
01/02/2016,Pan blanco,PZA,1.494333333
01/02/2016,Pollo,KG,45.82516667
01/02/2016,Tortilla de maíz,KG,11.1834
01/03/2016,Arroz,KG,19.49433333
01/03/2016,Atún y sardina en lata,KG,71.13
01/03/2016,Carne de cerdo,KG,74.71311111
01/03/2016,Carne de res,KG,139.2277647
01/03/2016,Cebolla,KG,21.0786
01/03/2016,Chile serrano,KG,39.3315
01/03/2016,Chocolate,KG,84.2145
01/03/2016,Frijol,KG,26.302
01/03/2016,Harinas de trigo,KG,27.1505
01/03/2016,Huevo,KG,25.56916667
01/03/2016,Jitomate,KG,20.73928571
01/03/2016,Leche pasteurizada y fresca,LT,15.8212
01/03/2016,Maíz,KG,31.4595
01/03/2016,Nopales,KG,19.01222222
01/03/2016,Otros quesos,KG,135.7405
01/03/2016,Pan blanco,PZA,1.493333333
01/03/2016,Pollo,KG,46.37816667
01/03/2016,Tortilla de maíz,KG,11.3406
01/04/2016,Arroz,KG,19.56
01/04/2016,Atún y sardina en lata,KG,79.35433333
01/04/2016,Carne de cerdo,KG,73.60766667
01/04/2016,Carne de res,KG,139.0624706
01/04/2016,Cebolla,KG,16.3238
01/04/2016,Chile serrano,KG,28.52525
01/04/2016,Chocolate,KG,85.304
01/04/2016,Frijol,KG,26.91875
01/04/2016,Harinas de trigo,KG,26.7455
01/04/2016,Huevo,KG,26.03333333
01/04/2016,Jitomate,KG,17.04485714
01/04/2016,Leche pasteurizada y fresca,LT,15.7794
01/04/2016,Maíz,KG,31.542
01/04/2016,Nopales,KG,16.66611111
01/04/2016,Otros quesos,KG,138.8065
01/04/2016,Pan blanco,PZA,1.497666667
01/04/2016,Pollo,KG,47.87266667
01/04/2016,Tortilla de maíz,KG,11.4214
01/05/2016,Arroz,KG,19.32866667
01/05/2016,Atún y sardina en lata,KG,81.97266667
01/05/2016,Carne de cerdo,KG,74.899
01/05/2016,Carne de res,KG,139.4127059
01/05/2016,Cebolla,KG,14.6638
01/05/2016,Chile serrano,KG,25.69
01/05/2016,Chocolate,KG,87.954
01/05/2016,Frijol,KG,27.63925
01/05/2016,Harinas de trigo,KG,26.7555
01/05/2016,Huevo,KG,24.61666667
01/05/2016,Jitomate,KG,14.36042857
01/05/2016,Leche pasteurizada y fresca,LT,15.8068
01/05/2016,Maíz,KG,30.887
01/05/2016,Nopales,KG,15.77055556
01/05/2016,Otros quesos,KG,143.489
01/05/2016,Pan blanco,PZA,1.503333333
01/05/2016,Pollo,KG,49.17683333
01/05/2016,Tortilla de maíz,KG,11.4321
01/06/2016,Arroz,KG,19.38566667
01/06/2016,Atún y sardina en lata,KG,84.32066667
01/06/2016,Carne de cerdo,KG,76.38933333
01/06/2016,Carne de res,KG,139.5655294
01/06/2016,Cebolla,KG,13.7768
01/06/2016,Chile serrano,KG,25.32475
01/06/2016,Chocolate,KG,89.7315
01/06/2016,Frijol,KG,27.986
01/06/2016,Harinas de trigo,KG,26.799
01/06/2016,Huevo,KG,22.37666667
01/06/2016,Jitomate,KG,14.769
01/06/2016,Leche pasteurizada y fresca,LT,15.8792
01/06/2016,Maíz,KG,30.527
01/06/2016,Nopales,KG,15.94944444
01/06/2016,Otros quesos,KG,144.6
01/06/2016,Pan blanco,PZA,1.503333333
01/06/2016,Pollo,KG,48.225
01/06/2016,Tortilla de maíz,KG,11.4353
01/07/2016,Arroz,KG,19.46066667
01/07/2016,Atún y sardina en lata,KG,85.85033333
01/07/2016,Carne de cerdo,KG,77.94222222
01/07/2016,Carne de res,KG,140.3504706
01/07/2016,Cebolla,KG,13.1838
01/07/2016,Chile serrano,KG,24.42675
01/07/2016,Chocolate,KG,91.36052632
01/07/2016,Frijol,KG,28.57725
01/07/2016,Harinas de trigo,KG,26.949
01/07/2016,Huevo,KG,21.01416667
01/07/2016,Jitomate,KG,15.55457143
01/07/2016,Leche pasteurizada y fresca,LT,15.9148
01/07/2016,Maíz,KG,30.722
01/07/2016,Nopales,KG,16.43277778
01/07/2016,Otros quesos,KG,140.712
01/07/2016,Pan blanco,PZA,1.503333333
01/07/2016,Pollo,KG,46.81433333
01/07/2016,Tortilla de maíz,KG,11.5385
01/08/2016,Arroz,KG,19.463
01/08/2016,Atún y sardina en lata,KG,86.57933333
01/08/2016,Carne de cerdo,KG,78.80666667
01/08/2016,Carne de res,KG,139.3219412
01/08/2016,Cebolla,KG,12.9178
01/08/2016,Chile serrano,KG,26.00225
01/08/2016,Chocolate,KG,88.1385
01/08/2016,Frijol,KG,29.368
01/08/2016,Harinas de trigo,KG,27.2365
01/08/2016,Huevo,KG,21.07083333
01/08/2016,Jitomate,KG,16.30257143
01/08/2016,Leche pasteurizada y fresca,LT,15.964
01/08/2016,Maíz,KG,31.1
01/08/2016,Nopales,KG,15.14111111
01/08/2016,Otros quesos,KG,142.9555
01/08/2016,Pan blanco,PZA,1.503333333
01/08/2016,Pollo,KG,45.82833333
01/08/2016,Tortilla de maíz,KG,11.5538
01/09/2016,Arroz,KG,19.42566667
01/09/2016,Atún y sardina en lata,KG,85.278
01/09/2016,Carne de cerdo,KG,79.45311111
01/09/2016,Carne de res,KG,139.0704706
01/09/2016,Cebolla,KG,16.0016
01/09/2016,Chile serrano,KG,26.7405
01/09/2016,Chocolate,KG,86.5805
01/09/2016,Frijol,KG,30.10625
01/09/2016,Harinas de trigo,KG,27.5215
01/09/2016,Huevo,KG,23.525
01/09/2016,Jitomate,KG,21.98385714
01/09/2016,Leche pasteurizada y fresca,LT,16.173
01/09/2016,Maíz,KG,31.294
01/09/2016,Nopales,KG,17.43777778
01/09/2016,Otros quesos,KG,143.346
01/09/2016,Pan blanco,PZA,1.499333333
01/09/2016,Pollo,KG,47.51383333
01/09/2016,Tortilla de maíz,KG,11.5982
01/10/2016,Arroz,KG,19.126
01/10/2016,Atún y sardina en lata,KG,87.09966667
01/10/2016,Carne de cerdo,KG,78.71255556
01/10/2016,Carne de res,KG,139.2991765
01/10/2016,Cebolla,KG,16.1494
01/10/2016,Chile serrano,KG,26.611
01/10/2016,Chocolate,KG,86.2515
01/10/2016,Frijol,KG,30.1595
01/10/2016,Harinas de trigo,KG,26.5095
01/10/2016,Huevo,KG,22.79166667
01/10/2016,Jitomate,KG,22.83014286
01/10/2016,Leche pasteurizada y fresca,LT,16.2796
01/10/2016,Maíz,KG,31.6065
01/10/2016,Nopales,KG,19.61888889
01/10/2016,Otros quesos,KG,147.3965
01/10/2016,Pan blanco,PZA,1.506
01/10/2016,Pollo,KG,46.90583333
01/10/2016,Tortilla de maíz,KG,11.616
01/11/2016,Arroz,KG,19.199
01/11/2016,Atún y sardina en lata,KG,87.56533333
01/11/2016,Carne de cerdo,KG,80.054
01/11/2016,Carne de res,KG,139.3754706
01/11/2016,Cebolla,KG,15.0658
01/11/2016,Chile serrano,KG,30.327
01/11/2016,Chocolate,KG,87.8215
01/11/2016,Frijol,KG,30.296
01/11/2016,Harinas de trigo,KG,26.569
01/11/2016,Huevo,KG,22.88583333
01/11/2016,Jitomate,KG,25.43257143
01/11/2016,Leche pasteurizada y fresca,LT,16.332
01/11/2016,Maíz,KG,31.6485
01/11/2016,Nopales,KG,19.98555556
01/11/2016,Otros quesos,KG,148.486
01/11/2016,Pan blanco,PZA,1.506
01/11/2016,Pollo,KG,47.26166667
01/11/2016,Tortilla de maíz,KG,11.6502
01/12/2016,Arroz,KG,19.49966667
01/12/2016,Atún y sardina en lata,KG,89.782
01/12/2016,Carne de cerdo,KG,83.66555556
01/12/2016,Carne de res,KG,139.3072353
01/12/2016,Cebolla,KG,17.6772
01/12/2016,Chile serrano,KG,25.424
01/12/2016,Chocolate,KG,88.947
01/12/2016,Frijol,KG,30.602
01/12/2016,Harinas de trigo,KG,28.0735
01/12/2016,Huevo,KG,25.09416667
01/12/2016,Jitomate,KG,25.52057143
01/12/2016,Leche pasteurizada y fresca,LT,16.494
01/12/2016,Maíz,KG,32.088
01/12/2016,Nopales,KG,19.65277778
01/12/2016,Otros quesos,KG,145.9415
01/12/2016,Pan blanco,PZA,1.506666667
01/12/2016,Pollo,KG,47.2225
01/12/2016,Tortilla de maíz,KG,11.6644
01/01/2017,Arroz,KG,20.06133333
01/01/2017,Atún y sardina en lata,KG,90.61266667
01/01/2017,Carne de cerdo,KG,85.01344444
01/01/2017,Carne de res,KG,139.8909412
01/01/2017,Cebolla,KG,19.9438
01/01/2017,Chile serrano,KG,23.187
01/01/2017,Chocolate,KG,87.232
01/01/2017,Frijol,KG,30.86025
01/01/2017,Harinas de trigo,KG,27.938
01/01/2017,Huevo,KG,24.415
01/01/2017,Jitomate,KG,16.45428571
01/01/2017,Leche pasteurizada y fresca,LT,16.42
01/01/2017,Maíz,KG,32.1195
01/01/2017,Nopales,KG,20.34388889
01/01/2017,Otros quesos,KG,148.557
01/01/2017,Pan blanco,PZA,1.516666667
01/01/2017,Pollo,KG,47.40233333
01/01/2017,Tortilla de maíz,KG,12.0309
01/02/2017,Arroz,KG,20.36333333
01/02/2017,Atún y sardina en lata,KG,92.358
01/02/2017,Carne de cerdo,KG,81.88666667
01/02/2017,Carne de res,KG,141.6481176
01/02/2017,Cebolla,KG,15.877
01/02/2017,Chile serrano,KG,24.741
01/02/2017,Chocolate,KG,88.392
01/02/2017,Frijol,KG,31.35575
01/02/2017,Harinas de trigo,KG,28.2725
01/02/2017,Huevo,KG,24.32166667
01/02/2017,Jitomate,KG,11.678
01/02/2017,Leche pasteurizada y fresca,LT,16.5192
01/02/2017,Maíz,KG,32.413
01/02/2017,Nopales,KG,19.77666667
01/02/2017,Otros quesos,KG,147.391
01/02/2017,Pan blanco,PZA,1.513666667
01/02/2017,Pollo,KG,47.49216667
01/02/2017,Tortilla de maíz,KG,12.414
01/03/2017,Arroz,KG,20.487
01/03/2017,Atún y sardina en lata,KG,92.82266667
01/03/2017,Carne de cerdo,KG,80.94188889
01/03/2017,Carne de res,KG,142.3029412
01/03/2017,Cebolla,KG,13.186
01/03/2017,Chile serrano,KG,28.0475
01/03/2017,Chocolate,KG,88.9595
01/03/2017,Frijol,KG,31.56225
01/03/2017,Harinas de trigo,KG,28.601
01/03/2017,Huevo,KG,24.0425
01/03/2017,Jitomate,KG,12.97257143
01/03/2017,Leche pasteurizada y fresca,LT,16.7598
01/03/2017,Maíz,KG,32.3685
01/03/2017,Nopales,KG,16.31611111
01/03/2017,Otros quesos,KG,150.669
01/03/2017,Pan blanco,PZA,1.523333333
01/03/2017,Pollo,KG,47.7445
01/03/2017,Tortilla de maíz,KG,12.5927
01/04/2017,Arroz,KG,20.52266667
01/04/2017,Atún y sardina en lata,KG,92.43466667
01/04/2017,Carne de cerdo,KG,80.39311111
01/04/2017,Carne de res,KG,142.8258235
01/04/2017,Cebolla,KG,12.3814
01/04/2017,Chile serrano,KG,31.33925
01/04/2017,Chocolate,KG,85.8365
01/04/2017,Frijol,KG,31.8805
01/04/2017,Harinas de trigo,KG,28.8815
01/04/2017,Huevo,KG,24.16416667
01/04/2017,Jitomate,KG,15.86442857
01/04/2017,Leche pasteurizada y fresca,LT,17.1078
01/04/2017,Maíz,KG,32.644
01/04/2017,Nopales,KG,15.25777778
01/04/2017,Otros quesos,KG,152.7725
01/04/2017,Pan blanco,PZA,1.532666667
01/04/2017,Pollo,KG,49.196
01/04/2017,Tortilla de maíz,KG,12.6265
01/05/2017,Arroz,KG,20.45333333
01/05/2017,Atún y sardina en lata,KG,94.37066667
01/05/2017,Carne de cerdo,KG,80.90122222
01/05/2017,Carne de res,KG,143.6027647
01/05/2017,Cebolla,KG,12.2562
01/05/2017,Chile serrano,KG,35.12975
01/05/2017,Chocolate,KG,88.8915
01/05/2017,Frijol,KG,32.537
01/05/2017,Harinas de trigo,KG,28.6385
01/05/2017,Huevo,KG,25.85416667
01/05/2017,Jitomate,KG,19.94
01/05/2017,Leche pasteurizada y fresca,LT,17.324
01/05/2017,Maíz,KG,32.181
01/05/2017,Nopales,KG,16.83444444
01/05/2017,Otros quesos,KG,154.83
01/05/2017,Pan blanco,PZA,1.542666667
01/05/2017,Pollo,KG,49.94666667
01/05/2017,Tortilla de maíz,KG,12.6323
01/06/2017,Arroz,KG,20.38233333
01/06/2017,Atún y sardina en lata,KG,98.58333333
01/06/2017,Carne de cerdo,KG,81.31422222
01/06/2017,Carne de res,KG,144.4348824
01/06/2017,Cebolla,KG,12.4354
01/06/2017,Chile serrano,KG,34.299
01/06/2017,Chocolate,KG,90.355
01/06/2017,Frijol,KG,32.5625
01/06/2017,Harinas de trigo,KG,28.4335
01/06/2017,Huevo,KG,24.67416667
01/06/2017,Jitomate,KG,23.334
01/06/2017,Leche pasteurizada y fresca,LT,17.3304
01/06/2017,Maíz,KG,32.649
01/06/2017,Nopales,KG,17.07277778
01/06/2017,Otros quesos,KG,151.3165
01/06/2017,Pan blanco,PZA,1.547
01/06/2017,Pollo,KG,50.44833333
01/06/2017,Tortilla de maíz,KG,12.6799
01/07/2017,Arroz,KG,20.60533333
01/07/2017,Atún y sardina en lata,KG,98.64933333
01/07/2017,Carne de cerdo,KG,82.51144444
01/07/2017,Carne de res,KG,145.8051765
01/07/2017,Cebolla,KG,12.9522
01/07/2017,Chile serrano,KG,37.59425
01/07/2017,Chocolate,KG,88.283
01/07/2017,Frijol,KG,32.54325
01/07/2017,Harinas de trigo,KG,28.788
01/07/2017,Huevo,KG,24.61333333
01/07/2017,Jitomate,KG,28.10042857
01/07/2017,Leche pasteurizada y fresca,LT,17.389
01/07/2017,Maíz,KG,33.455
01/07/2017,Nopales,KG,17.02166667
01/07/2017,Otros quesos,KG,149.946
01/07/2017,Pan blanco,PZA,1.536666667
01/07/2017,Pollo,KG,50.33633333
01/07/2017,Tortilla de maíz,KG,12.708
01/08/2017,Arroz,KG,20.531
01/08/2017,Atún y sardina en lata,KG,98.93633333
01/08/2017,Carne de cerdo,KG,83.32644444
01/08/2017,Carne de res,KG,146.4878235
01/08/2017,Cebolla,KG,20.6922
01/08/2017,Chile serrano,KG,34.223
01/08/2017,Chocolate,KG,91.1115
01/08/2017,Frijol,KG,32.61
01/08/2017,Harinas de trigo,KG,28.594
01/08/2017,Huevo,KG,25.865
01/08/2017,Jitomate,KG,29.84371429
01/08/2017,Leche pasteurizada y fresca,LT,17.5774
01/08/2017,Maíz,KG,33.2505
01/08/2017,Nopales,KG,17.57
01/08/2017,Otros quesos,KG,150.8735
01/08/2017,Pan blanco,PZA,1.531666667
01/08/2017,Pollo,KG,49.62483333
01/08/2017,Tortilla de maíz,KG,12.7068
01/09/2017,Arroz,KG,20.314
01/09/2017,Atún y sardina en lata,KG,98.866
01/09/2017,Carne de cerdo,KG,82.56055556
01/09/2017,Carne de res,KG,147.6440588
01/09/2017,Cebolla,KG,29.4108
01/09/2017,Chile serrano,KG,34.361
01/09/2017,Chocolate,KG,88.916
01/09/2017,Frijol,KG,32.79525
01/09/2017,Harinas de trigo,KG,28.929
01/09/2017,Huevo,KG,26.54166667
01/09/2017,Jitomate,KG,23.92328571
01/09/2017,Leche pasteurizada y fresca,LT,17.52
01/09/2017,Maíz,KG,31.7295
01/09/2017,Nopales,KG,17.10833333
01/09/2017,Otros quesos,KG,153.934
01/09/2017,Pan blanco,PZA,1.528666667
01/09/2017,Pollo,KG,49.63916667
01/09/2017,Tortilla de maíz,KG,12.7158
01/10/2017,Arroz,KG,20.40033333
01/10/2017,Atún y sardina en lata,KG,99.98233333
01/10/2017,Carne de cerdo,KG,82.60388889
01/10/2017,Carne de res,KG,147.4474706
01/10/2017,Cebolla,KG,26.6056
01/10/2017,Chile serrano,KG,34.36025
01/10/2017,Chocolate,KG,93.8225
01/10/2017,Frijol,KG,32.78725
01/10/2017,Harinas de trigo,KG,28.8175
01/10/2017,Huevo,KG,26.71333333
01/10/2017,Jitomate,KG,17.51071429
01/10/2017,Leche pasteurizada y fresca,LT,17.4224
01/10/2017,Maíz,KG,32.8255
01/10/2017,Nopales,KG,19.33888889
01/10/2017,Otros quesos,KG,152.5765
01/10/2017,Pan blanco,PZA,1.526
01/10/2017,Pollo,KG,48.39583333
01/10/2017,Tortilla de maíz,KG,12.6988
01/11/2017,Arroz,KG,20.55933333
01/11/2017,Atún y sardina en lata,KG,105.4553333
01/11/2017,Carne de cerdo,KG,80.21977778
01/11/2017,Carne de res,KG,147.7394706
01/11/2017,Cebolla,KG,27.8438
01/11/2017,Chile serrano,KG,39.875
01/11/2017,Chocolate,KG,93.215
01/11/2017,Frijol,KG,32.614
01/11/2017,Harinas de trigo,KG,28.957
01/11/2017,Huevo,KG,28.25615385
01/11/2017,Jitomate,KG,20.043
01/11/2017,Leche pasteurizada y fresca,LT,17.3908
01/11/2017,Maíz,KG,33.2
01/11/2017,Nopales,KG,23.04944444
01/11/2017,Otros quesos,KG,152.7815
01/11/2017,Pan blanco,PZA,1.526666667
01/11/2017,Pollo,KG,47.8605
01/11/2017,Tortilla de maíz,KG,12.6906
01/12/2017,Arroz,KG,20.933
01/12/2017,Atún y sardina en lata,KG,107.4406667
01/12/2017,Carne de cerdo,KG,81.28822222
01/12/2017,Carne de res,KG,148.1142941
01/12/2017,Cebolla,KG,21.8912
01/12/2017,Chile serrano,KG,34.301
01/12/2017,Chocolate,KG,93.9625
01/12/2017,Frijol,KG,32.64425
01/12/2017,Harinas de trigo,KG,29.4725
01/12/2017,Huevo,KG,30.07153846
01/12/2017,Jitomate,KG,29.41285714
01/12/2017,Leche pasteurizada y fresca,LT,17.543
01/12/2017,Maíz,KG,33.263
01/12/2017,Nopales,KG,23.76777778
01/12/2017,Otros quesos,KG,148.685
01/12/2017,Pan blanco,PZA,1.524333333
01/12/2017,Pollo,KG,48.01283333
01/12/2017,Tortilla de maíz,KG,12.736
