Item,Year,Value,Flag,FlagDescription
Beer of barley,1961,854100,,Official data
Beer of barley,1962,850000,,Official data
Beer of barley,1963,855000,,Official data
Beer of barley,1964,1028000,,Official data
Beer of barley,1965,1108000,,Official data
Beer of barley,1966,1166000,,Official data
Beer of barley,1967,1225400,,Official data
Beer of barley,1968,1251900,,Official data
Beer of barley,1969,1364900,,Official data
Beer of barley,1970,1423753,,Official data
Beer of barley,1971,1271980,,Official data
Beer of barley,1972,1500040,,Official data
Beer of barley,1973,1731034,,Official data
Beer of barley,1974,1981815,,Official data
Beer of barley,1975,1968408,,Official data
Beer of barley,1976,1965082,,Official data
Beer of barley,1977,2164187,,Official data
Beer of barley,1978,2256801,,Official data
Beer of barley,1979,2546078,,Official data
Beer of barley,1980,2687563,,Official data
Beer of barley,1981,2863462,,Official data
Beer of barley,1982,2802760,,Official data
Beer of barley,1983,2477470,,Official data
Beer of barley,1984,2558650,,Official data
Beer of barley,1985,2712499,,Official data
Beer of barley,1986,2735300,*,Unofficial figure
Beer of barley,1987,3148207,,Official data
Beer of barley,1988,3326069,,Official data
Beer of barley,1989,3735522,,Official data
Beer of barley,1990,3873400,,Official data
Beer of barley,1991,4109250,,Official data
Beer of barley,1992,4226240,,Official data
Beer of barley,1993,4378040,,Official data
Beer of barley,1994,4505560,,Official data
Beer of barley,1995,4420480,,Official data
Beer of barley,1996,4721140,,Official data
Beer of barley,1997,5131530,,Official data
Beer of barley,1998,5456903,,Official data
Beer of barley,1999,5790500,*,Unofficial figure
Beer of barley,2000,5985100,*,Unofficial figure
Beer of barley,2001,6163200,*,Unofficial figure
Beer of barley,2002,6370000,*,Unofficial figure
Beer of barley,2003,6642000,*,Unofficial figure
Beer of barley,2004,6848200,*,Unofficial figure
Beer of barley,2005,7255800,*,Unofficial figure
Beer of barley,2006,7816200,*,Unofficial figure
Beer of barley,2007,8100000,*,Unofficial figure
Beer of barley,2008,8234300,*,Unofficial figure
Beer of barley,2009,8232500,*,Unofficial figure
Beer of barley,2010,8071520,,Official data
Beer of barley,2011,8559563,,Official data
Beer of barley,2012,8729517,,Official data
Beer of barley,2013,8521038,,Official data
Beer of barley,2014,8588180,,Official data
Cotton lint,1961,424490,,Official data
Cotton lint,1962,461180,,Official data
Cotton lint,1963,510340,,Official data
Cotton lint,1964,565349,,Official data
Cotton lint,1965,577342,,Official data
Cotton lint,1966,521270,,Official data
Cotton lint,1967,494541,,Official data
Cotton lint,1968,591961,,Official data
Cotton lint,1969,397056,,Official data
Cotton lint,1970,333688,,Official data
Cotton lint,1971,396657,,Official data
Cotton lint,1972,416512,,Official data
Cotton lint,1973,392161,,Official data
Cotton lint,1974,512758,,Official data
Cotton lint,1975,205796,,Official data
Cotton lint,1976,223963,,Official data
Cotton lint,1977,418428,,Official data
Cotton lint,1978,366434,,Official data
Cotton lint,1979,349152,,Official data
Cotton lint,1980,372934,,Official data
Cotton lint,1981,321405,,Official data
Cotton lint,1982,166177,,Official data
Cotton lint,1983,228564,,Official data
Cotton lint,1984,289000,,Official data
Cotton lint,1985,219614,,Official data
Cotton lint,1986,143513,,Official data
Cotton lint,1987,263239,,Official data
Cotton lint,1988,312208,,Official data
Cotton lint,1989,161555,,Official data
Cotton lint,1990,201476,,Official data
Cotton lint,1991,202189,,Official data
Cotton lint,1992,32650,*,Unofficial figure
Cotton lint,1993,26615,,Official data
Cotton lint,1994,119034,,Official data
Cotton lint,1995,218829,,Official data
Cotton lint,1996,267840,,Official data
Cotton lint,1997,208322,,Official data
Cotton lint,1998,246889,,Official data
Cotton lint,1999,150749,,Official data
Cotton lint,2000,78345,,Official data
Cotton lint,2001,96892,,Official data
Cotton lint,2002,43146,,Official data
Cotton lint,2003,65152,,Official data
Cotton lint,2004,138000,*,Unofficial figure
Cotton lint,2005,138000,*,Unofficial figure
Cotton lint,2006,142000,*,Unofficial figure
Cotton lint,2007,137000,*,Unofficial figure
Cotton lint,2008,125000,*,Unofficial figure
Cotton lint,2009,90000,*,Unofficial figure
Cotton lint,2010,157000,*,Unofficial figure
Cotton lint,2011,274000,*,Unofficial figure
Cotton lint,2012,231000,*,Unofficial figure
Cotton lint,2013,193000,*,Unofficial figure
Cotton lint,2014,302000,*,Unofficial figure
Cottonseed,1961,766507,,Official data
Cottonseed,1962,824812,,Official data
Cottonseed,1963,907652,,Official data
Cottonseed,1964,932192,,Official data
Cottonseed,1965,952880,,Official data
Cottonseed,1966,857686,,Official data
Cottonseed,1967,810983,,Official data
Cottonseed,1968,966011,,Official data
Cottonseed,1969,636815,,Official data
Cottonseed,1970,547543,,Official data
Cottonseed,1971,623500,,Official data
Cottonseed,1972,669784,,Official data
Cottonseed,1973,595477,,Official data
Cottonseed,1974,826373,,Official data
Cottonseed,1975,320335,,Official data
Cottonseed,1976,348928,,Official data
Cottonseed,1977,658733,,Official data
Cottonseed,1978,575807,,Official data
Cottonseed,1979,553045,,Official data
Cottonseed,1980,572323,,Official data
Cottonseed,1981,507545,,Official data
Cottonseed,1982,288996,,Official data
Cottonseed,1983,355231,,Official data
Cottonseed,1984,454000,,Official data
Cottonseed,1985,317383,,Official data
Cottonseed,1986,225522,,Official data
Cottonseed,1987,413746,,Official data
Cottonseed,1988,490612,,Official data
Cottonseed,1989,254609,,Official data
Cottonseed,1990,293000,,Official data
Cottonseed,1991,307000,,Official data
Cottonseed,1992,50000,,Official data
Cottonseed,1993,41824,,Official data
Cottonseed,1994,187053,,Official data
Cottonseed,1995,343874,,Official data
Cottonseed,1996,420900,,Official data
Cottonseed,1997,347690,,Official data
Cottonseed,1998,387963,,Official data
Cottonseed,1999,236891,,Official data
Cottonseed,2000,123114,,Official data
Cottonseed,2001,152259,,Official data
Cottonseed,2002,67800,,Official data
Cottonseed,2003,115300,,Official data
Cottonseed,2004,211900,,Official data
Cottonseed,2005,220500,,Official data
Cottonseed,2006,249000,*,Unofficial figure
Cottonseed,2007,209614,,Official data
Cottonseed,2008,201711,,Official data
Cottonseed,2009,151000,*,Unofficial figure
Cottonseed,2010,239000,*,Unofficial figure
Cottonseed,2011,410000,*,Unofficial figure
Cottonseed,2012,355000,*,Unofficial figure
Cottonseed,2013,280000,*,Unofficial figure
Cottonseed,2014,474000,*,Unofficial figure
"Margarine, short",1961,3000,F,FAO estimate
"Margarine, short",1962,3200,F,FAO estimate
"Margarine, short",1963,4367,,Official data
"Margarine, short",1964,5651,,Official data
"Margarine, short",1965,5407,,Official data
"Margarine, short",1966,5918,,Official data
"Margarine, short",1967,7106,,Official data
"Margarine, short",1968,8347,,Official data
"Margarine, short",1969,8761,,Official data
"Margarine, short",1970,9973,,Official data
"Margarine, short",1971,10734,,Official data
"Margarine, short",1972,12954,,Official data
"Margarine, short",1973,11489,,Official data
"Margarine, short",1974,13188,,Official data
"Margarine, short",1975,12713,,Official data
"Margarine, short",1976,13178,,Official data
"Margarine, short",1977,14000,F,FAO estimate
"Margarine, short",1978,15212,,Official data
"Margarine, short",1979,24664,,Official data
"Margarine, short",1980,23190,,Official data
"Margarine, short",1981,23720,,Official data
"Margarine, short",1982,24435,,Official data
"Margarine, short",1983,24563,,Official data
"Margarine, short",1984,27660,*,Unofficial figure
"Margarine, short",1985,28550,*,Unofficial figure
"Margarine, short",1986,30000,*,Unofficial figure
"Margarine, short",1987,32000,*,Unofficial figure
"Margarine, short",1988,30000,*,Unofficial figure
"Margarine, short",1989,32000,*,Unofficial figure
"Margarine, short",1990,34000,*,Unofficial figure
"Margarine, short",1991,29000,*,Unofficial figure
"Margarine, short",1992,35000,*,Unofficial figure
"Margarine, short",1993,34966,,Official data
"Margarine, short",1994,33713,,Official data
"Margarine, short",1995,35121,,Official data
"Margarine, short",1996,37485,,Official data
"Margarine, short",1997,37500,F,FAO estimate
"Margarine, short",1998,38131,Im,FAO data based on imputation methodology
"Margarine, short",1999,37600,F,FAO estimate
"Margarine, short",2000,37800,F,FAO estimate
"Margarine, short",2001,38400,F,FAO estimate
"Margarine, short",2002,42000,F,FAO estimate
"Margarine, short",2003,43200,F,FAO estimate
"Margarine, short",2004,51777,Im,FAO data based on imputation methodology
"Margarine, short",2005,52544,Im,FAO data based on imputation methodology
"Margarine, short",2006,55332,Im,FAO data based on imputation methodology
"Margarine, short",2007,58156,Im,FAO data based on imputation methodology
"Margarine, short",2008,61054,Im,FAO data based on imputation methodology
"Margarine, short",2009,58709,Im,FAO data based on imputation methodology
"Margarine, short",2010,52719,*,Unofficial figure
"Margarine, short",2011,51399,*,Unofficial figure
"Margarine, short",2012,87547,,Official data
"Margarine, short",2013,97286,,Official data
"Margarine, short",2014,108007,,Official data
Molasses,1961,589600,F,FAO estimate
Molasses,1962,635600,,Official data
Molasses,1963,739200,,Official data
Molasses,1964,811500,,Official data
Molasses,1965,931600,,Official data
Molasses,1966,913576,,Official data
Molasses,1967,1004138,,Official data
Molasses,1968,908718,,Official data
Molasses,1969,1038425,,Official data
Molasses,1970,953854,,Official data
Molasses,1971,1071420,,Official data
Molasses,1972,1083126,,Official data
Molasses,1973,1264992,,Official data
Molasses,1974,1269557,,Official data
Molasses,1975,1190437,,Official data
Molasses,1976,1078290,,Official data
Molasses,1977,1076503,,Official data
Molasses,1978,1339846,,Official data
Molasses,1979,1414826,,Official data
Molasses,1980,1311168,,Official data
Molasses,1981,1145257,,Official data
Molasses,1982,1200000,*,Unofficial figure
Molasses,1983,1299000,*,Unofficial figure
Molasses,1984,1340000,*,Unofficial figure
Molasses,1985,1386402,,Official data
Molasses,1986,1597041,,Official data
Molasses,1987,1527310,,Official data
Molasses,1988,1411904,,Official data
Molasses,1989,1347494,,Official data
Molasses,1990,1322914,,Official data
Molasses,1991,1429854,,Official data
Molasses,1992,1270000,*,Unofficial figure
Molasses,1993,1431000,*,Unofficial figure
Molasses,1994,1451247,,Official data
Molasses,1995,1567093,,Official data
Molasses,1996,1508387,,Official data
Molasses,1997,1539310,,Official data
Molasses,1998,1808929,,Official data
Molasses,1999,1729000,*,Unofficial figure
Molasses,2000,1630000,*,Unofficial figure
Molasses,2001,1636000,*,Unofficial figure
Molasses,2002,1574000,*,Unofficial figure
Molasses,2003,1657000,*,Unofficial figure
Molasses,2004,1668000,*,Unofficial figure
Molasses,2005,1894000,*,Unofficial figure
Molasses,2006,1798000,*,Unofficial figure
Molasses,2007,1768000,*,Unofficial figure
Molasses,2008,1904000,*,Unofficial figure
Molasses,2009,1513000,*,Unofficial figure
Molasses,2010,1519000,*,Unofficial figure
Molasses,2011,1717000,*,Unofficial figure
Molasses,2012,1733000,*,Unofficial figure
Molasses,2013,2386000,*,Unofficial figure
Molasses,2014,2036000,*,Unofficial figure
"Oil, coconut (copra)",1961,117291,,Official data
"Oil, coconut (copra)",1962,120285,,Official data
"Oil, coconut (copra)",1963,83818,,Official data
"Oil, coconut (copra)",1964,95991,,Official data
"Oil, coconut (copra)",1965,106790,,Official data
"Oil, coconut (copra)",1966,119021,,Official data
"Oil, coconut (copra)",1967,108931,,Official data
"Oil, coconut (copra)",1968,115628,,Official data
"Oil, coconut (copra)",1969,83554,,Official data
"Oil, coconut (copra)",1970,85219,,Official data
"Oil, coconut (copra)",1971,89779,,Official data
"Oil, coconut (copra)",1972,86457,,Official data
"Oil, coconut (copra)",1973,84801,,Official data
"Oil, coconut (copra)",1974,83499,,Official data
"Oil, coconut (copra)",1975,86750,,Official data
"Oil, coconut (copra)",1976,94458,,Official data
"Oil, coconut (copra)",1977,93683,,Official data
"Oil, coconut (copra)",1978,94762,,Official data
"Oil, coconut (copra)",1979,80631,,Official data
"Oil, coconut (copra)",1980,93213,,Official data
"Oil, coconut (copra)",1981,88000,*,Unofficial figure
"Oil, coconut (copra)",1982,92900,*,Unofficial figure
"Oil, coconut (copra)",1983,91500,*,Unofficial figure
"Oil, coconut (copra)",1984,77000,*,Unofficial figure
"Oil, coconut (copra)",1985,112200,*,Unofficial figure
"Oil, coconut (copra)",1986,115300,*,Unofficial figure
"Oil, coconut (copra)",1987,113400,*,Unofficial figure
"Oil, coconut (copra)",1988,125400,*,Unofficial figure
"Oil, coconut (copra)",1989,126300,*,Unofficial figure
"Oil, coconut (copra)",1990,126000,*,Unofficial figure
"Oil, coconut (copra)",1991,109000,*,Unofficial figure
"Oil, coconut (copra)",1992,124740,*,Unofficial figure
"Oil, coconut (copra)",1993,108000,*,Unofficial figure
"Oil, coconut (copra)",1994,134200,*,Unofficial figure
"Oil, coconut (copra)",1995,136100,*,Unofficial figure
"Oil, coconut (copra)",1996,127900,*,Unofficial figure
"Oil, coconut (copra)",1997,135500,*,Unofficial figure
"Oil, coconut (copra)",1998,148000,*,Unofficial figure
"Oil, coconut (copra)",1999,124000,*,Unofficial figure
"Oil, coconut (copra)",2000,125000,*,Unofficial figure
"Oil, coconut (copra)",2001,122800,*,Unofficial figure
"Oil, coconut (copra)",2002,126000,*,Unofficial figure
"Oil, coconut (copra)",2003,114700,*,Unofficial figure
"Oil, coconut (copra)",2004,113400,*,Unofficial figure
"Oil, coconut (copra)",2005,114700,*,Unofficial figure
"Oil, coconut (copra)",2006,116600,*,Unofficial figure
"Oil, coconut (copra)",2007,135500,*,Unofficial figure
"Oil, coconut (copra)",2008,140800,*,Unofficial figure
"Oil, coconut (copra)",2009,142400,*,Unofficial figure
"Oil, coconut (copra)",2010,131700,*,Unofficial figure
"Oil, coconut (copra)",2011,130400,*,Unofficial figure
"Oil, coconut (copra)",2012,134800,*,Unofficial figure
"Oil, coconut (copra)",2013,129100,*,Unofficial figure
"Oil, coconut (copra)",2014,126600,*,Unofficial figure
"Oil, cottonseed",1961,84000,,Official data
"Oil, cottonseed",1962,101000,,Official data
"Oil, cottonseed",1963,117000,,Official data
"Oil, cottonseed",1964,149000,,Official data
"Oil, cottonseed",1965,143000,,Official data
"Oil, cottonseed",1966,122887,,Official data
"Oil, cottonseed",1967,108649,,Official data
"Oil, cottonseed",1968,116952,,Official data
"Oil, cottonseed",1969,127618,,Official data
"Oil, cottonseed",1970,85413,,Official data
"Oil, cottonseed",1971,69295,,Official data
"Oil, cottonseed",1972,85175,,Official data
"Oil, cottonseed",1973,73482,,Official data
"Oil, cottonseed",1974,87288,,Official data
"Oil, cottonseed",1975,96627,,Official data
"Oil, cottonseed",1976,61849,,Official data
"Oil, cottonseed",1977,62656,,Official data
"Oil, cottonseed",1978,61920,,Official data
"Oil, cottonseed",1979,50374,,Official data
"Oil, cottonseed",1980,46668,,Official data
"Oil, cottonseed",1981,45415,,Official data
"Oil, cottonseed",1982,73753,,Official data
"Oil, cottonseed",1983,49796,,Official data
"Oil, cottonseed",1984,55400,*,Unofficial figure
"Oil, cottonseed",1985,54900,*,Unofficial figure
"Oil, cottonseed",1986,42900,*,Unofficial figure
"Oil, cottonseed",1987,38100,*,Unofficial figure
"Oil, cottonseed",1988,69200,*,Unofficial figure
"Oil, cottonseed",1989,61700,*,Unofficial figure
"Oil, cottonseed",1990,40500,*,Unofficial figure
"Oil, cottonseed",1991,50700,*,Unofficial figure
"Oil, cottonseed",1992,45600,*,Unofficial figure
"Oil, cottonseed",1993,24400,*,Unofficial figure
"Oil, cottonseed",1994,25500,*,Unofficial figure
"Oil, cottonseed",1995,39600,*,Unofficial figure
"Oil, cottonseed",1996,51600,*,Unofficial figure
"Oil, cottonseed",1997,50200,*,Unofficial figure
"Oil, cottonseed",1998,53900,*,Unofficial figure
"Oil, cottonseed",1999,45000,*,Unofficial figure
"Oil, cottonseed",2000,40300,*,Unofficial figure
"Oil, cottonseed",2001,40200,*,Unofficial figure
"Oil, cottonseed",2002,34700,*,Unofficial figure
"Oil, cottonseed",2003,33200,*,Unofficial figure
"Oil, cottonseed",2004,37200,*,Unofficial figure
"Oil, cottonseed",2005,49800,*,Unofficial figure
"Oil, cottonseed",2006,53200,*,Unofficial figure
"Oil, cottonseed",2007,51300,*,Unofficial figure
"Oil, cottonseed",2008,40600,*,Unofficial figure
"Oil, cottonseed",2009,23500,*,Unofficial figure
"Oil, cottonseed",2010,28100,*,Unofficial figure
"Oil, cottonseed",2011,35700,*,Unofficial figure
"Oil, cottonseed",2012,45300,*,Unofficial figure
"Oil, cottonseed",2013,41000,*,Unofficial figure
"Oil, cottonseed",2014,37200,*,Unofficial figure
"Oil, groundnut",1961,504,Fc,Calculated data
"Oil, groundnut",1962,1134,Fc,Calculated data
"Oil, groundnut",1963,1764,Fc,Calculated data
"Oil, groundnut",1964,1890,Fc,Calculated data
"Oil, groundnut",1965,1470,Fc,Calculated data
"Oil, groundnut",1966,1134,Fc,Calculated data
"Oil, groundnut",1967,1260,Fc,Calculated data
"Oil, groundnut",1968,1260,Fc,Calculated data
"Oil, groundnut",1969,1470,Fc,Calculated data
"Oil, groundnut",1970,1470,Fc,Calculated data
"Oil, groundnut",1971,1470,Fc,Calculated data
"Oil, groundnut",1972,1470,Fc,Calculated data
"Oil, groundnut",1973,1470,Fc,Calculated data
"Oil, groundnut",1974,1470,Fc,Calculated data
"Oil, groundnut",1975,1470,Fc,Calculated data
"Oil, groundnut",1976,1470,Fc,Calculated data
"Oil, groundnut",1977,1470,Fc,Calculated data
"Oil, groundnut",1978,1680,Fc,Calculated data
"Oil, groundnut",1979,1680,Fc,Calculated data
"Oil, groundnut",1980,2100,Fc,Calculated data
"Oil, groundnut",1981,2100,Fc,Calculated data
"Oil, groundnut",1982,11100,*,Unofficial figure
"Oil, groundnut",1983,8700,*,Unofficial figure
"Oil, groundnut",1984,12500,*,Unofficial figure
"Oil, groundnut",1985,11000,*,Unofficial figure
"Oil, groundnut",1986,5700,*,Unofficial figure
"Oil, groundnut",1987,4500,*,Unofficial figure
"Oil, groundnut",1988,6000,*,Unofficial figure
"Oil, groundnut",1989,5900,*,Unofficial figure
"Oil, groundnut",1990,6700,*,Unofficial figure
"Oil, groundnut",1991,4900,*,Unofficial figure
"Oil, groundnut",1992,6700,*,Unofficial figure
"Oil, groundnut",1993,7700,*,Unofficial figure
"Oil, groundnut",1994,7800,*,Unofficial figure
"Oil, groundnut",1995,8300,*,Unofficial figure
"Oil, groundnut",1996,9100,*,Unofficial figure
"Oil, groundnut",1997,9700,*,Unofficial figure
"Oil, groundnut",1998,2600,*,Unofficial figure
"Oil, groundnut",1999,3500,*,Unofficial figure
"Oil, groundnut",2000,3400,*,Unofficial figure
"Oil, groundnut",2001,3500,*,Unofficial figure
"Oil, groundnut",2002,3200,*,Unofficial figure
"Oil, groundnut",2003,2400,*,Unofficial figure
"Oil, groundnut",2004,2300,*,Unofficial figure
"Oil, groundnut",2005,2800,*,Unofficial figure
"Oil, groundnut",2006,2900,*,Unofficial figure
"Oil, groundnut",2007,2700,*,Unofficial figure
"Oil, groundnut",2008,2900,*,Unofficial figure
"Oil, groundnut",2009,2600,*,Unofficial figure
"Oil, groundnut",2010,2600,*,Unofficial figure
"Oil, groundnut",2011,2600,*,Unofficial figure
"Oil, groundnut",2012,2600,*,Unofficial figure
"Oil, groundnut",2013,2600,*,Unofficial figure
"Oil, groundnut",2014,2600,*,Unofficial figure
"Oil, linseed",1961,4789,,Official data
"Oil, linseed",1962,4786,,Official data
"Oil, linseed",1963,4399,,Official data
"Oil, linseed",1964,4531,,Official data
"Oil, linseed",1965,5433,,Official data
"Oil, linseed",1966,4807,,Official data
"Oil, linseed",1967,4282,,Official data
"Oil, linseed",1968,3788,,Official data
"Oil, linseed",1969,4643,,Official data
"Oil, linseed",1970,13021,,Official data
"Oil, linseed",1971,12922,,Official data
"Oil, linseed",1972,3256,,Official data
"Oil, linseed",1973,4825,,Official data
"Oil, linseed",1974,2197,,Official data
"Oil, linseed",1975,8737,,Official data
"Oil, linseed",1976,4244,,Official data
"Oil, linseed",1977,6389,,Official data
"Oil, linseed",1978,3020,,Official data
"Oil, linseed",1979,1924,,Official data
"Oil, linseed",1980,2042,,Official data
"Oil, linseed",1981,4000,*,Unofficial figure
"Oil, linseed",1982,5200,*,Unofficial figure
"Oil, linseed",1983,3000,*,Unofficial figure
"Oil, linseed",1984,3500,*,Unofficial figure
"Oil, linseed",1985,4700,*,Unofficial figure
"Oil, linseed",1986,7300,*,Unofficial figure
"Oil, linseed",1987,2900,*,Unofficial figure
"Oil, linseed",1988,1900,*,Unofficial figure
"Oil, linseed",1989,1000,*,Unofficial figure
"Oil, linseed",1990,1500,*,Unofficial figure
"Oil, linseed",1991,1300,*,Unofficial figure
"Oil, linseed",1992,1200,*,Unofficial figure
"Oil, linseed",1993,400,*,Unofficial figure
"Oil, linseed",1994,350,*,Unofficial figure
"Oil, linseed",1995,500,*,Unofficial figure
"Oil, linseed",1996,800,*,Unofficial figure
"Oil, linseed",1997,800,*,Unofficial figure
"Oil, linseed",1998,500,*,Unofficial figure
"Oil, linseed",1999,600,*,Unofficial figure
"Oil, linseed",2000,500,*,Unofficial figure
"Oil, linseed",2001,600,*,Unofficial figure
"Oil, linseed",2002,800,*,Unofficial figure
"Oil, linseed",2003,2400,*,Unofficial figure
"Oil, linseed",2004,5000,*,Unofficial figure
"Oil, linseed",2005,900,*,Unofficial figure
"Oil, linseed",2006,1500,*,Unofficial figure
"Oil, linseed",2007,1800,*,Unofficial figure
"Oil, linseed",2008,1300,*,Unofficial figure
"Oil, linseed",2009,1800,*,Unofficial figure
"Oil, linseed",2010,1600,*,Unofficial figure
"Oil, linseed",2011,1800,*,Unofficial figure
"Oil, linseed",2012,1900,*,Unofficial figure
"Oil, linseed",2013,1900,*,Unofficial figure
"Oil, linseed",2014,2000,*,Unofficial figure
"Oil, maize",1961,1500,F,FAO estimate
"Oil, maize",1962,1500,F,FAO estimate
"Oil, maize",1963,1700,F,FAO estimate
"Oil, maize",1964,1800,F,FAO estimate
"Oil, maize",1965,1800,F,FAO estimate
"Oil, maize",1966,2000,F,FAO estimate
"Oil, maize",1967,2500,F,FAO estimate
"Oil, maize",1968,2700,F,FAO estimate
"Oil, maize",1969,2800,F,FAO estimate
"Oil, maize",1970,2800,F,FAO estimate
"Oil, maize",1971,2900,F,FAO estimate
"Oil, maize",1972,3000,F,FAO estimate
"Oil, maize",1973,3000,F,FAO estimate
"Oil, maize",1974,3297,,Official data
"Oil, maize",1975,2800,,Official data
"Oil, maize",1976,2821,,Official data
"Oil, maize",1977,2700,F,FAO estimate
"Oil, maize",1978,2604,,Official data
"Oil, maize",1979,2520,,Official data
"Oil, maize",1980,2617,,Official data
"Oil, maize",1981,2823,,Official data
"Oil, maize",1982,4440,,Official data
"Oil, maize",1983,3485,,Official data
"Oil, maize",1984,3000,*,Unofficial figure
"Oil, maize",1985,7000,*,Unofficial figure
"Oil, maize",1986,10400,*,Unofficial figure
"Oil, maize",1987,19845,,Official data
"Oil, maize",1988,25733,,Official data
"Oil, maize",1989,11113,,Official data
"Oil, maize",1990,7391,,Official data
"Oil, maize",1991,7390,,Official data
"Oil, maize",1992,7295,,Official data
"Oil, maize",1993,7835,,Official data
"Oil, maize",1994,15600,*,Unofficial figure
"Oil, maize",1995,16300,*,Unofficial figure
"Oil, maize",1996,17100,*,Unofficial figure
"Oil, maize",1997,15000,*,Unofficial figure
"Oil, maize",1998,17000,*,Unofficial figure
"Oil, maize",1999,18000,*,Unofficial figure
"Oil, maize",2000,18000,*,Unofficial figure
"Oil, maize",2001,16400,*,Unofficial figure
"Oil, maize",2002,16200,*,Unofficial figure
"Oil, maize",2003,17200,*,Unofficial figure
"Oil, maize",2004,18200,*,Unofficial figure
"Oil, maize",2005,19200,*,Unofficial figure
"Oil, maize",2006,20200,*,Unofficial figure
"Oil, maize",2007,21200,*,Unofficial figure
"Oil, maize",2008,22100,*,Unofficial figure
"Oil, maize",2009,22900,*,Unofficial figure
"Oil, maize",2010,23800,*,Unofficial figure
"Oil, maize",2011,24400,*,Unofficial figure
"Oil, maize",2012,25600,*,Unofficial figure
"Oil, maize",2013,26100,*,Unofficial figure
"Oil, maize",2014,27100,*,Unofficial figure
"Oil, olive, virgin",1961,390,,Official data
"Oil, olive, virgin",1962,500,,Official data
"Oil, olive, virgin",1963,500,,Official data
"Oil, olive, virgin",1964,500,,Official data
"Oil, olive, virgin",1965,500,,Official data
"Oil, olive, virgin",1966,1000,,Official data
"Oil, olive, virgin",1967,900,,Official data
"Oil, olive, virgin",1968,800,,Official data
"Oil, olive, virgin",1969,1000,,Official data
"Oil, olive, virgin",1970,1000,*,Unofficial figure
"Oil, olive, virgin",1971,1000,*,Unofficial figure
"Oil, olive, virgin",1972,1000,*,Unofficial figure
"Oil, olive, virgin",1973,1100,*,Unofficial figure
"Oil, olive, virgin",1974,1200,*,Unofficial figure
"Oil, olive, virgin",1975,1100,*,Unofficial figure
"Oil, olive, virgin",1976,1200,*,Unofficial figure
"Oil, olive, virgin",1977,1200,*,Unofficial figure
"Oil, olive, virgin",1978,1300,*,Unofficial figure
"Oil, olive, virgin",1979,1100,*,Unofficial figure
"Oil, olive, virgin",1980,1200,*,Unofficial figure
"Oil, olive, virgin",1981,1000,*,Unofficial figure
"Oil, olive, virgin",1982,1000,*,Unofficial figure
"Oil, olive, virgin",1983,1000,*,Unofficial figure
"Oil, olive, virgin",1984,1000,*,Unofficial figure
"Oil, olive, virgin",1985,1000,*,Unofficial figure
"Oil, olive, virgin",1986,1000,*,Unofficial figure
"Oil, olive, virgin",1987,1000,*,Unofficial figure
"Oil, olive, virgin",1988,1000,*,Unofficial figure
"Oil, olive, virgin",1989,1000,*,Unofficial figure
"Oil, olive, virgin",1990,1000,*,Unofficial figure
"Oil, olive, virgin",1991,200,F,FAO estimate
"Oil, olive, virgin",1992,200,F,FAO estimate
"Oil, olive, virgin",1993,200,F,FAO estimate
"Oil, olive, virgin",1994,200,F,FAO estimate
"Oil, olive, virgin",1995,400,F,FAO estimate
"Oil, olive, virgin",1996,400,F,FAO estimate
"Oil, olive, virgin",1997,400,F,FAO estimate
"Oil, olive, virgin",1998,400,F,FAO estimate
"Oil, olive, virgin",1999,200,F,FAO estimate
"Oil, olive, virgin",2000,200,F,FAO estimate
"Oil, olive, virgin",2001,200,F,FAO estimate
"Oil, olive, virgin",2002,200,F,FAO estimate
"Oil, olive, virgin",2003,200,F,FAO estimate
"Oil, olive, virgin",2004,200,F,FAO estimate
"Oil, olive, virgin",2005,200,F,FAO estimate
"Oil, olive, virgin",2006,200,F,FAO estimate
"Oil, olive, virgin",2007,200,F,FAO estimate
"Oil, olive, virgin",2008,200,F,FAO estimate
"Oil, olive, virgin",2009,200,F,FAO estimate
"Oil, olive, virgin",2010,240,Im,FAO data based on imputation methodology
"Oil, olive, virgin",2011,200,F,FAO estimate
"Oil, olive, virgin",2012,220,F,FAO estimate
"Oil, olive, virgin",2013,240,F,FAO estimate
"Oil, olive, virgin",2014,250,F,FAO estimate
"Oil, palm",1961,20240,F,FAO estimate
"Oil, palm",1962,23400,F,FAO estimate
"Oil, palm",1963,18800,F,FAO estimate
"Oil, palm",1964,20600,F,FAO estimate
"Oil, palm",1965,20700,F,FAO estimate
"Oil, palm",1966,20800,F,FAO estimate
"Oil, palm",1967,18500,F,FAO estimate
"Oil, palm",1968,20200,F,FAO estimate
"Oil, palm",1969,14900,F,FAO estimate
"Oil, palm",1970,11200,F,FAO estimate
"Oil, palm",1971,12000,,Official data
"Oil, palm",1972,10087,,Official data
"Oil, palm",1973,10500,,Official data
"Oil, palm",1974,10900,F,FAO estimate
"Oil, palm",1975,8300,F,FAO estimate
"Oil, palm",1976,11900,F,FAO estimate
"Oil, palm",1977,6000,*,Unofficial figure
"Oil, palm",1978,6000,*,Unofficial figure
"Oil, palm",1979,7000,*,Unofficial figure
"Oil, palm",1980,6700,F,FAO estimate
"Oil, palm",1981,4000,F,FAO estimate
"Oil, palm",1982,2000,*,Unofficial figure
"Oil, palm",1983,2000,*,Unofficial figure
"Oil, palm",1984,1500,*,Unofficial figure
"Oil, palm",1985,1500,*,Unofficial figure
"Oil, palm",1986,1500,*,Unofficial figure
"Oil, palm",1987,2000,*,Unofficial figure
"Oil, palm",1988,1800,*,Unofficial figure
"Oil, palm",1989,1800,*,Unofficial figure
"Oil, palm",1990,4500,F,FAO estimate
"Oil, palm",1991,3000,F,FAO estimate
"Oil, palm",1992,3286,Im,FAO data based on imputation methodology
"Oil, palm",1993,7700,F,FAO estimate
"Oil, palm",1994,5000,F,FAO estimate
"Oil, palm",1995,5700,F,FAO estimate
"Oil, palm",1996,7200,F,FAO estimate
"Oil, palm",1997,6500,F,FAO estimate
"Oil, palm",1998,12350,F,FAO estimate
"Oil, palm",1999,18000,*,Unofficial figure
"Oil, palm",2000,26200,*,Unofficial figure
"Oil, palm",2001,34000,*,Unofficial figure
"Oil, palm",2002,36000,*,Unofficial figure
"Oil, palm",2003,39500,*,Unofficial figure
"Oil, palm",2004,41000,*,Unofficial figure
"Oil, palm",2005,42600,*,Unofficial figure
"Oil, palm",2006,50000,*,Unofficial figure
"Oil, palm",2007,57000,*,Unofficial figure
"Oil, palm",2008,62000,*,Unofficial figure
"Oil, palm",2009,65000,*,Unofficial figure
"Oil, palm",2010,68000,*,Unofficial figure
"Oil, palm",2011,73000,*,Unofficial figure
"Oil, palm",2012,75000,*,Unofficial figure
"Oil, palm",2013,77000,*,Unofficial figure
"Oil, palm",2014,83000,*,Unofficial figure
"Oil, palm kernel",1961,15183,,Official data
"Oil, palm kernel",1962,17579,,Official data
"Oil, palm kernel",1963,14135,,Official data
"Oil, palm kernel",1964,15444,,Official data
"Oil, palm kernel",1965,15554,,Official data
"Oil, palm kernel",1966,15640,,Official data
"Oil, palm kernel",1967,13904,,Official data
"Oil, palm kernel",1968,15163,,Official data
"Oil, palm kernel",1969,11167,,Official data
"Oil, palm kernel",1970,8401,,Official data
"Oil, palm kernel",1971,8957,,Official data
"Oil, palm kernel",1972,6617,,Official data
"Oil, palm kernel",1973,7834,,Official data
"Oil, palm kernel",1974,8197,,Official data
"Oil, palm kernel",1975,6250,,Official data
"Oil, palm kernel",1976,8956,,Official data
"Oil, palm kernel",1977,8308,,Official data
"Oil, palm kernel",1978,5059,,Official data
"Oil, palm kernel",1979,4511,,Official data
"Oil, palm kernel",1980,5004,,Official data
"Oil, palm kernel",1981,3000,*,Unofficial figure
"Oil, palm kernel",1982,2400,*,Unofficial figure
"Oil, palm kernel",1983,2400,*,Unofficial figure
"Oil, palm kernel",1984,1200,*,Unofficial figure
"Oil, palm kernel",1985,1200,*,Unofficial figure
"Oil, palm kernel",1986,1200,*,Unofficial figure
"Oil, palm kernel",1987,1800,*,Unofficial figure
"Oil, palm kernel",1988,1170,*,Unofficial figure
"Oil, palm kernel",1989,1170,*,Unofficial figure
"Oil, palm kernel",1990,1450,*,Unofficial figure
"Oil, palm kernel",1991,2000,*,Unofficial figure
"Oil, palm kernel",1992,1500,F,FAO estimate
"Oil, palm kernel",1993,1200,F,FAO estimate
"Oil, palm kernel",1994,1100,F,FAO estimate
"Oil, palm kernel",1995,600,*,Unofficial figure
"Oil, palm kernel",1996,4500,F,FAO estimate
"Oil, palm kernel",1997,1100,*,Unofficial figure
"Oil, palm kernel",1998,1300,*,Unofficial figure
"Oil, palm kernel",1999,1700,F,FAO estimate
"Oil, palm kernel",2000,2600,*,Unofficial figure
"Oil, palm kernel",2001,3500,*,Unofficial figure
"Oil, palm kernel",2002,3800,*,Unofficial figure
"Oil, palm kernel",2003,4200,*,Unofficial figure
"Oil, palm kernel",2004,4300,*,Unofficial figure
"Oil, palm kernel",2005,4500,*,Unofficial figure
"Oil, palm kernel",2006,5300,*,Unofficial figure
"Oil, palm kernel",2007,6000,*,Unofficial figure
"Oil, palm kernel",2008,6600,*,Unofficial figure
"Oil, palm kernel",2009,7100,*,Unofficial figure
"Oil, palm kernel",2010,7600,*,Unofficial figure
"Oil, palm kernel",2011,8400,*,Unofficial figure
"Oil, palm kernel",2012,8800,*,Unofficial figure
"Oil, palm kernel",2013,9700,*,Unofficial figure
"Oil, palm kernel",2014,12200,*,Unofficial figure
"Oil, rapeseed",1961,1391,Fc,Calculated data
"Oil, rapeseed",1962,685,Fc,Calculated data
"Oil, rapeseed",1963,1040,Fc,Calculated data
"Oil, rapeseed",1964,681,Fc,Calculated data
"Oil, rapeseed",1965,1380,Fc,Calculated data
"Oil, rapeseed",1966,1735,Fc,Calculated data
"Oil, rapeseed",1967,1732,Fc,Calculated data
"Oil, rapeseed",1968,1733,Fc,Calculated data
"Oil, rapeseed",1969,1742,Fc,Calculated data
"Oil, rapeseed",1970,6502,Fc,Calculated data
"Oil, rapeseed",1971,2088,Fc,Calculated data
"Oil, rapeseed",1972,2096,Fc,Calculated data
"Oil, rapeseed",1973,9984,Fc,Calculated data
"Oil, rapeseed",1974,12354,Fc,Calculated data
"Oil, rapeseed",1975,2087,Fc,Calculated data
"Oil, rapeseed",1976,2088,Fc,Calculated data
"Oil, rapeseed",1977,2050,Fc,Calculated data
"Oil, rapeseed",1978,2098,Fc,Calculated data
"Oil, rapeseed",1979,1043,Fc,Calculated data
"Oil, rapeseed",1980,3732,Fc,Calculated data
"Oil, rapeseed",1981,8324,Fc,Calculated data
"Oil, rapeseed",1982,8700,*,Unofficial figure
"Oil, rapeseed",1983,1700,*,Unofficial figure
"Oil, rapeseed",1984,24500,*,Unofficial figure
"Oil, rapeseed",1985,17000,*,Unofficial figure
"Oil, rapeseed",1986,36300,*,Unofficial figure
"Oil, rapeseed",1987,121900,*,Unofficial figure
"Oil, rapeseed",1988,61100,*,Unofficial figure
"Oil, rapeseed",1989,86600,*,Unofficial figure
"Oil, rapeseed",1990,75700,*,Unofficial figure
"Oil, rapeseed",1991,105500,*,Unofficial figure
"Oil, rapeseed",1992,101800,*,Unofficial figure
"Oil, rapeseed",1993,161000,*,Unofficial figure
"Oil, rapeseed",1994,175800,*,Unofficial figure
"Oil, rapeseed",1995,210900,*,Unofficial figure
"Oil, rapeseed",1996,213600,*,Unofficial figure
"Oil, rapeseed",1997,213100,*,Unofficial figure
"Oil, rapeseed",1998,260400,*,Unofficial figure
"Oil, rapeseed",1999,320300,*,Unofficial figure
"Oil, rapeseed",2000,369700,*,Unofficial figure
"Oil, rapeseed",2001,345100,*,Unofficial figure
"Oil, rapeseed",2002,327900,*,Unofficial figure
"Oil, rapeseed",2003,317600,*,Unofficial figure
"Oil, rapeseed",2004,464500,*,Unofficial figure
"Oil, rapeseed",2005,464500,*,Unofficial figure
"Oil, rapeseed",2006,486300,*,Unofficial figure
"Oil, rapeseed",2007,500200,*,Unofficial figure
"Oil, rapeseed",2008,539500,*,Unofficial figure
"Oil, rapeseed",2009,460000,F,FAO estimate
"Oil, rapeseed",2010,534000,*,Unofficial figure
"Oil, rapeseed",2011,611400,*,Unofficial figure
"Oil, rapeseed",2012,650000,*,Unofficial figure
"Oil, rapeseed",2013,579300,*,Unofficial figure
"Oil, rapeseed",2014,602200,*,Unofficial figure
"Oil, safflower",1961,14488,,Official data
"Oil, safflower",1962,16372,,Official data
"Oil, safflower",1963,16506,,Official data
"Oil, safflower",1964,16503,,Official data
"Oil, safflower",1965,24000,F,FAO estimate
"Oil, safflower",1966,35909,,Official data
"Oil, safflower",1967,34914,,Official data
"Oil, safflower",1968,34612,,Official data
"Oil, safflower",1969,54233,,Official data
"Oil, safflower",1970,69051,,Official data
"Oil, safflower",1971,76404,,Official data
"Oil, safflower",1972,54930,,Official data
"Oil, safflower",1973,52950,,Official data
"Oil, safflower",1974,66758,,Official data
"Oil, safflower",1975,75480,,Official data
"Oil, safflower",1976,105488,,Official data
"Oil, safflower",1977,134523,,Official data
"Oil, safflower",1978,120304,,Official data
"Oil, safflower",1979,134404,,Official data
"Oil, safflower",1980,144900,,Official data
"Oil, safflower",1981,170856,,Official data
"Oil, safflower",1982,115380,,Official data
"Oil, safflower",1983,101602,,Official data
"Oil, safflower",1984,65000,F,FAO estimate
"Oil, safflower",1985,45000,F,FAO estimate
"Oil, safflower",1986,48000,*,Unofficial figure
"Oil, safflower",1987,61000,*,Unofficial figure
"Oil, safflower",1988,44000,*,Unofficial figure
"Oil, safflower",1989,55000,*,Unofficial figure
"Oil, safflower",1990,55000,*,Unofficial figure
"Oil, safflower",1991,39000,*,Unofficial figure
"Oil, safflower",1992,34000,*,Unofficial figure
"Oil, safflower",1993,25400,*,Unofficial figure
"Oil, safflower",1994,23300,*,Unofficial figure
"Oil, safflower",1995,41500,F,FAO estimate
"Oil, safflower",1996,61000,F,FAO estimate
"Oil, safflower",1997,54000,F,FAO estimate
"Oil, safflower",1998,55900,F,FAO estimate
"Oil, safflower",1999,58650,F,FAO estimate
"Oil, safflower",2000,34850,F,FAO estimate
"Oil, safflower",2001,27600,F,FAO estimate
"Oil, safflower",2002,20000,F,FAO estimate
"Oil, safflower",2003,52100,F,FAO estimate
"Oil, safflower",2004,60000,F,FAO estimate
"Oil, safflower",2005,24500,F,FAO estimate
"Oil, safflower",2006,20000,F,FAO estimate
"Oil, safflower",2007,23000,F,FAO estimate
"Oil, safflower",2008,19000,F,FAO estimate
"Oil, safflower",2009,15500,F,FAO estimate
"Oil, safflower",2010,19600,F,FAO estimate
"Oil, safflower",2011,26600,F,FAO estimate
"Oil, safflower",2012,52300,F,FAO estimate
"Oil, safflower",2013,18600,F,FAO estimate
"Oil, safflower",2014,18600,Im,FAO data based on imputation methodology
"Oil, sesame",1961,69009,,Official data
"Oil, sesame",1962,73313,,Official data
"Oil, sesame",1963,68878,,Official data
"Oil, sesame",1964,79909,,Official data
"Oil, sesame",1965,72391,,Official data
"Oil, sesame",1966,64645,,Official data
"Oil, sesame",1967,66390,,Official data
"Oil, sesame",1968,72633,,Official data
"Oil, sesame",1969,54825,,Official data
"Oil, sesame",1970,49783,,Official data
"Oil, sesame",1971,47894,,Official data
"Oil, sesame",1972,32631,,Official data
"Oil, sesame",1973,27857,,Official data
"Oil, sesame",1974,23583,,Official data
"Oil, sesame",1975,28100,,Official data
"Oil, sesame",1976,27192,,Official data
"Oil, sesame",1977,33931,,Official data
"Oil, sesame",1978,29190,,Official data
"Oil, sesame",1979,32356,,Official data
"Oil, sesame",1980,17565,,Official data
"Oil, sesame",1981,37643,,Official data
"Oil, sesame",1982,18409,,Official data
"Oil, sesame",1983,3620,,Official data
"Oil, sesame",1984,9500,*,Unofficial figure
"Oil, sesame",1985,8500,*,Unofficial figure
"Oil, sesame",1986,6400,*,Unofficial figure
"Oil, sesame",1987,6700,*,Unofficial figure
"Oil, sesame",1988,4000,*,Unofficial figure
"Oil, sesame",1989,1700,*,Unofficial figure
"Oil, sesame",1990,6300,*,Unofficial figure
"Oil, sesame",1991,5500,*,Unofficial figure
"Oil, sesame",1992,4500,*,Unofficial figure
"Oil, sesame",1993,4000,*,Unofficial figure
"Oil, sesame",1994,2300,*,Unofficial figure
"Oil, sesame",1995,1700,*,Unofficial figure
"Oil, sesame",1996,3200,*,Unofficial figure
"Oil, sesame",1997,3800,*,Unofficial figure
"Oil, sesame",1998,3200,*,Unofficial figure
"Oil, sesame",1999,4600,*,Unofficial figure
"Oil, sesame",2000,7500,*,Unofficial figure
"Oil, sesame",2001,10800,*,Unofficial figure
"Oil, sesame",2002,9200,*,Unofficial figure
"Oil, sesame",2003,5700,*,Unofficial figure
"Oil, sesame",2004,10000,*,Unofficial figure
"Oil, sesame",2005,10100,*,Unofficial figure
"Oil, sesame",2006,8900,*,Unofficial figure
"Oil, sesame",2007,8100,*,Unofficial figure
"Oil, sesame",2008,9600,*,Unofficial figure
"Oil, sesame",2009,10400,*,Unofficial figure
"Oil, sesame",2010,11100,*,Unofficial figure
"Oil, sesame",2011,13100,*,Unofficial figure
"Oil, sesame",2012,13800,*,Unofficial figure
"Oil, sesame",2013,13300,*,Unofficial figure
"Oil, sesame",2014,16800,*,Unofficial figure
"Oil, soybean",1961,930,Fc,Calculated data
"Oil, soybean",1962,2512,Fc,Calculated data
"Oil, soybean",1963,2274,Fc,Calculated data
"Oil, soybean",1964,6934,Fc,Calculated data
"Oil, soybean",1965,3949,Fc,Calculated data
"Oil, soybean",1966,7066,Fc,Calculated data
"Oil, soybean",1967,10432,Fc,Calculated data
"Oil, soybean",1968,16663,Fc,Calculated data
"Oil, soybean",1969,20629,Fc,Calculated data
"Oil, soybean",1970,40562,Fc,Calculated data
"Oil, soybean",1971,36821,Fc,Calculated data
"Oil, soybean",1972,47310,Fc,Calculated data
"Oil, soybean",1973,81225,Fc,Calculated data
"Oil, soybean",1974,91314,Fc,Calculated data
"Oil, soybean",1975,95760,Fc,Calculated data
"Oil, soybean",1976,116280,Fc,Calculated data
"Oil, soybean",1977,123120,Fc,Calculated data
"Oil, soybean",1978,139365,Fc,Calculated data
"Oil, soybean",1979,171000,Fc,Calculated data
"Oil, soybean",1980,188100,Fc,Calculated data
"Oil, soybean",1981,188100,*,Unofficial figure
"Oil, soybean",1982,256000,*,Unofficial figure
"Oil, soybean",1983,301400,*,Unofficial figure
"Oil, soybean",1984,319100,*,Unofficial figure
"Oil, soybean",1985,353400,*,Unofficial figure
"Oil, soybean",1986,318600,*,Unofficial figure
"Oil, soybean",1987,293300,*,Unofficial figure
"Oil, soybean",1988,250300,*,Unofficial figure
"Oil, soybean",1989,275500,*,Unofficial figure
"Oil, soybean",1990,300170,*,Unofficial figure
"Oil, soybean",1991,362000,*,Unofficial figure
"Oil, soybean",1992,411800,*,Unofficial figure
"Oil, soybean",1993,414600,*,Unofficial figure
"Oil, soybean",1994,435200,,Official data
"Oil, soybean",1995,344841,,Official data
"Oil, soybean",1996,385282,,Official data
"Oil, soybean",1997,357279,,Official data
"Oil, soybean",1998,341213,,Official data
"Oil, soybean",1999,468348,,Official data
"Oil, soybean",2000,308827,,Official data
"Oil, soybean",2001,323381,,Official data
"Oil, soybean",2002,300791,,Official data
"Oil, soybean",2003,315000,F,FAO estimate
"Oil, soybean",2004,300000,F,FAO estimate
"Oil, soybean",2005,359100,F,FAO estimate
"Oil, soybean",2006,360000,F,FAO estimate
"Oil, soybean",2007,349000,F,FAO estimate
"Oil, soybean",2008,342000,F,FAO estimate
"Oil, soybean",2009,321000,F,FAO estimate
"Oil, soybean",2010,357000,F,FAO estimate
"Oil, soybean",2011,321000,F,FAO estimate
"Oil, soybean",2012,330000,*,Unofficial figure
"Oil, soybean",2013,366000,F,FAO estimate
"Oil, soybean",2014,675000,*,Unofficial figure
"Oil, sunflower",1971,10197,,Official data
"Oil, sunflower",1972,5734,,Official data
"Oil, sunflower",1973,1573,,Official data
"Oil, sunflower",1974,1455,,Official data
"Oil, sunflower",1975,851,,Official data
"Oil, sunflower",1976,603,,Official data
"Oil, sunflower",1977,842,,Official data
"Oil, sunflower",1978,58400,F,FAO estimate
"Oil, sunflower",1979,62000,F,FAO estimate
"Oil, sunflower",1980,97300,F,FAO estimate
"Oil, sunflower",1981,109000,*,Unofficial figure
"Oil, sunflower",1982,195533,,Official data
"Oil, sunflower",1983,159053,,Official data
"Oil, sunflower",1984,227100,*,Unofficial figure
"Oil, sunflower",1985,255600,*,Unofficial figure
"Oil, sunflower",1986,168800,*,Unofficial figure
"Oil, sunflower",1987,158800,*,Unofficial figure
"Oil, sunflower",1988,95800,*,Unofficial figure
"Oil, sunflower",1989,40400,*,Unofficial figure
"Oil, sunflower",1990,48900,*,Unofficial figure
"Oil, sunflower",1991,71010,,Official data
"Oil, sunflower",1992,87400,*,Unofficial figure
"Oil, sunflower",1993,39437,,Official data
"Oil, sunflower",1994,19800,*,Unofficial figure
"Oil, sunflower",1995,22400,*,Unofficial figure
"Oil, sunflower",1996,51300,*,Unofficial figure
"Oil, sunflower",1997,47300,*,Unofficial figure
"Oil, sunflower",1998,19700,*,Unofficial figure
"Oil, sunflower",1999,10250,*,Unofficial figure
"Oil, sunflower",2000,8000,*,Unofficial figure
"Oil, sunflower",2001,6700,*,Unofficial figure
"Oil, sunflower",2002,3500,*,Unofficial figure
"Oil, sunflower",2003,48900,*,Unofficial figure
"Oil, sunflower",2004,6200,*,Unofficial figure
"Oil, sunflower",2005,3400,*,Unofficial figure
"Oil, sunflower",2006,5400,*,Unofficial figure
"Oil, sunflower",2007,4500,*,Unofficial figure
"Oil, sunflower",2008,2900,*,Unofficial figure
"Oil, sunflower",2009,5000,*,Unofficial figure
"Oil, sunflower",2010,4600,*,Unofficial figure
"Oil, sunflower",2011,6800,*,Unofficial figure
"Oil, sunflower",2012,6400,*,Unofficial figure
"Oil, sunflower",2013,5800,*,Unofficial figure
"Oil, sunflower",2014,10400,*,Unofficial figure
Palm kernels,1961,25304,,Official data
Palm kernels,1962,29298,,Official data
Palm kernels,1963,23558,,Official data
Palm kernels,1964,25740,,Official data
Palm kernels,1965,25923,,Official data
Palm kernels,1966,26066,,Official data
Palm kernels,1967,23174,,Official data
Palm kernels,1968,25272,,Official data
Palm kernels,1969,18611,,Official data
Palm kernels,1970,14002,,Official data
Palm kernels,1971,14929,,Official data
Palm kernels,1972,11087,,Official data
Palm kernels,1973,13078,,Official data
Palm kernels,1974,13662,,Official data
Palm kernels,1975,10416,,Official data
Palm kernels,1976,14927,,Official data
Palm kernels,1977,13846,,Official data
Palm kernels,1978,8431,,Official data
Palm kernels,1979,7518,,Official data
Palm kernels,1980,8430,,Official data
Palm kernels,1981,5000,F,FAO estimate
Palm kernels,1982,4000,F,FAO estimate
Palm kernels,1983,4000,F,FAO estimate
Palm kernels,1984,2000,*,Unofficial figure
Palm kernels,1985,2000,*,Unofficial figure
Palm kernels,1986,2000,*,Unofficial figure
Palm kernels,1987,3000,*,Unofficial figure
Palm kernels,1988,2000,*,Unofficial figure
Palm kernels,1989,2000,*,Unofficial figure
Palm kernels,1990,2500,*,Unofficial figure
Palm kernels,1991,1700,*,Unofficial figure
Palm kernels,1992,1100,*,Unofficial figure
Palm kernels,1993,2000,*,Unofficial figure
Palm kernels,1994,2000,*,Unofficial figure
Palm kernels,1995,2000,*,Unofficial figure
Palm kernels,1996,3000,*,Unofficial figure
Palm kernels,1997,4000,*,Unofficial figure
Palm kernels,1998,4000,*,Unofficial figure
Palm kernels,1999,7000,*,Unofficial figure
Palm kernels,2000,10000,*,Unofficial figure
Palm kernels,2001,10000,*,Unofficial figure
Palm kernels,2002,11000,*,Unofficial figure
Palm kernels,2003,11000,*,Unofficial figure
Palm kernels,2004,12000,*,Unofficial figure
Palm kernels,2005,14000,*,Unofficial figure
Palm kernels,2006,16000,*,Unofficial figure
Palm kernels,2007,17000,*,Unofficial figure
Palm kernels,2008,18000,*,Unofficial figure
Palm kernels,2009,19000,*,Unofficial figure
Palm kernels,2010,22000,*,Unofficial figure
Palm kernels,2011,23000,*,Unofficial figure
Palm kernels,2012,25000,*,Unofficial figure
Palm kernels,2013,32000,*,Unofficial figure
Palm kernels,2014,35000,*,Unofficial figure
Sugar Raw Centrifugal,1961,1469000,,Official data
Sugar Raw Centrifugal,1962,1519000,*,Unofficial figure
Sugar Raw Centrifugal,1963,1686000,*,Unofficial figure
Sugar Raw Centrifugal,1964,1899942,,Official data
Sugar Raw Centrifugal,1965,2071083,,Official data
Sugar Raw Centrifugal,1966,2101804,,Official data
Sugar Raw Centrifugal,1967,2475846,,Official data
Sugar Raw Centrifugal,1968,2326775,,Official data
Sugar Raw Centrifugal,1969,2548820,,Official data
Sugar Raw Centrifugal,1970,2354059,,Official data
Sugar Raw Centrifugal,1971,2553960,,Official data
Sugar Raw Centrifugal,1972,2516548,,Official data
Sugar Raw Centrifugal,1973,2762754,,Official data
Sugar Raw Centrifugal,1974,2829357,,Official data
Sugar Raw Centrifugal,1975,2722129,,Official data
Sugar Raw Centrifugal,1976,2731757,,Official data
Sugar Raw Centrifugal,1977,2728421,,Official data
Sugar Raw Centrifugal,1978,3072215,,Official data
Sugar Raw Centrifugal,1979,3058000,*,Unofficial figure
Sugar Raw Centrifugal,1980,2763000,*,Unofficial figure
Sugar Raw Centrifugal,1981,2518000,*,Unofficial figure
Sugar Raw Centrifugal,1982,2842000,*,Unofficial figure
Sugar Raw Centrifugal,1983,3078000,*,Unofficial figure
Sugar Raw Centrifugal,1984,3242000,*,Unofficial figure
Sugar Raw Centrifugal,1985,3333396,,Official data
Sugar Raw Centrifugal,1986,3761483,,Official data
Sugar Raw Centrifugal,1987,3905684,,Official data
Sugar Raw Centrifugal,1988,3749431,,Official data
Sugar Raw Centrifugal,1989,3624891,,Official data
Sugar Raw Centrifugal,1990,3278291,,Official data
Sugar Raw Centrifugal,1991,3660000,,Official data
Sugar Raw Centrifugal,1992,3290000,,Official data
Sugar Raw Centrifugal,1993,4078000,,Official data
Sugar Raw Centrifugal,1994,3549000,,Official data
Sugar Raw Centrifugal,1995,4649900,*,Unofficial figure
Sugar Raw Centrifugal,1996,4667300,*,Unofficial figure
Sugar Raw Centrifugal,1997,4839800,*,Unofficial figure
Sugar Raw Centrifugal,1998,5491700,*,Unofficial figure
Sugar Raw Centrifugal,1999,4987100,*,Unofficial figure
Sugar Raw Centrifugal,2000,4984800,*,Unofficial figure
Sugar Raw Centrifugal,2001,5613530,*,Unofficial figure
Sugar Raw Centrifugal,2002,5073149,*,Unofficial figure
Sugar Raw Centrifugal,2003,5441740,*,Unofficial figure
Sugar Raw Centrifugal,2004,5671960,*,Unofficial figure
Sugar Raw Centrifugal,2005,5619280,*,Unofficial figure
Sugar Raw Centrifugal,2006,5411856,*,Unofficial figure
Sugar Raw Centrifugal,2007,5420000,*,Unofficial figure
Sugar Raw Centrifugal,2008,5939800,*,Unofficial figure
Sugar Raw Centrifugal,2009,4962495,,Official data
Sugar Raw Centrifugal,2010,4825539,,Official data
Sugar Raw Centrifugal,2011,5183500,,Official data
Sugar Raw Centrifugal,2012,5048469,,Official data
Sugar Raw Centrifugal,2013,6974799,,Official data
Sugar Raw Centrifugal,2014,6021292,,Official data
Wine,1961,29262,Fc,Calculated data
Wine,1962,28238,Fc,Calculated data
Wine,1963,32458,Fc,Calculated data
Wine,1964,34555,Fc,Calculated data
Wine,1965,38956,Fc,Calculated data
Wine,1966,41742,Fc,Calculated data
Wine,1967,40287,Fc,Calculated data
Wine,1968,43227,Fc,Calculated data
Wine,1969,46179,Fc,Calculated data
Wine,1970,70348,Fc,Calculated data
Wine,1971,71713,Fc,Calculated data
Wine,1972,74595,Fc,Calculated data
Wine,1973,84834,Fc,Calculated data
Wine,1974,92721,Fc,Calculated data
Wine,1975,95903,Fc,Calculated data
Wine,1976,109717,Fc,Calculated data
Wine,1977,114046,Fc,Calculated data
Wine,1978,165333,Fc,Calculated data
Wine,1979,157031,Fc,Calculated data
Wine,1980,170309,Fc,Calculated data
Wine,1981,232850,Fc,Calculated data
Wine,1982,230468,Fc,Calculated data
Wine,1983,229596,Fc,Calculated data
Wine,1984,206221,Fc,Calculated data
Wine,1985,219353,Fc,Calculated data
Wine,1986,246433,Fc,Calculated data
Wine,1987,181018,Fc,Calculated data
Wine,1988,192702,Fc,Calculated data
Wine,1989,179146,Fc,Calculated data
Wine,1990,153329,Im,FAO data based on imputation methodology
Wine,1991,179618,Im,FAO data based on imputation methodology
Wine,1992,183384,Im,FAO data based on imputation methodology
Wine,1993,166853,Im,FAO data based on imputation methodology
Wine,1994,203435,Im,FAO data based on imputation methodology
Wine,1995,146576,Im,FAO data based on imputation methodology
Wine,1996,133195,Im,FAO data based on imputation methodology
Wine,1997,152379,Im,FAO data based on imputation methodology
Wine,1998,136104,Im,FAO data based on imputation methodology
Wine,1999,144311,Im,FAO data based on imputation methodology
Wine,2000,104124,Im,FAO data based on imputation methodology
Wine,2001,141140,Im,FAO data based on imputation methodology
Wine,2002,101226,Im,FAO data based on imputation methodology
Wine,2003,109633,Im,FAO data based on imputation methodology
Wine,2004,73011,Im,FAO data based on imputation methodology
Wine,2005,41486,Im,FAO data based on imputation methodology
Wine,2006,56764,Im,FAO data based on imputation methodology
Wine,2007,62994,Im,FAO data based on imputation methodology
Wine,2008,55668,Im,FAO data based on imputation methodology
Wine,2009,44553,Im,FAO data based on imputation methodology
Wine,2010,34356,,Official data
Wine,2011,38212,,Official data
Wine,2012,39056,,Official data
Wine,2013,41502,,Official data
Wine,2014,39360,,Official data
